id,dublin_no,location,code,spaces,exact_location,installed,tariff,nearest_pad,op_hours,clearway,clearway_hours,comment,further_info,finished,extra_comment,zone,longitude,latitude,created_at,updated_at
"1","3","Hatch Street Upper","2","58 P n D (Total)","Near College of Music",NULL,"2.9","6 On Hatch St Upr","Mon-Sat 07.00-19.00","0",NULL,NULL,NULL,"0",NULL,"Yellow","-6.26175","53.334","2012-01-04 16:14:22","2012-01-04 16:14:22"
"2","5","Hatch Street Upper","2","58 P n D (Total)","Iveagh Gardens",NULL,"2.9","6 On Hatch St Upr","Mon-Sat 07.00-19.00","0",NULL,NULL,"Northside West of Earlsfort Tce","1",NULL,"Yellow","-6.26048","53.334","2012-01-04 16:14:22","2012-01-04 16:14:22"
"3","6","Hatch Street Upper","2","58 P n D (Total)","UCD",NULL,"2.9","6 On Hatch St Upr","Mon-Sat 07.00-19.00","0",NULL,NULL,"Northside West of Earlsfort Tce","1",NULL,"Yellow","-6.25969","53.334","2012-01-04 16:14:22","2012-01-04 16:14:22"
"4","7","Lindsay Road","9","35 P n D / DP","Off Botanic Road",NULL,"1.6","Iona Road 158","Mon-Sat 07.00-24.00","0",NULL,NULL,NULL,"0",NULL,"Green","-6.27128","53.3659","2012-01-04 16:14:22","2012-01-04 16:14:22"
"5","15","Ailesbury Road","4","169 P n D / DP (Total)","At St. Anne's",NULL,"1.6","Ailesbury Grove 795","Mon-Fri 07.00-19.00","0",NULL,NULL,NULL,"1",NULL,"Green","-6.2301","53.3195","2012-01-04 16:14:22","2012-01-04 16:14:22"
"6","20","St. Mary's Terrace (Arbour Hill)","7","4 P n D + 4 DP","At Arbour Place",NULL,"1.6","None Nearby","Mon-Sat 07.00-24.00","0",NULL,NULL,NULL,"0",NULL,"Green","-6.28325","53.3506","2012-01-04 16:14:22","2012-01-04 16:14:22"
"7","23","North Circular Road","1","20 P n D / DP","At Summerhill Parade  n  Russell St",NULL,"2.4","Nth Circular Rd 160","Mon-Fri 08.00-18.30","0",NULL,NULL,NULL,"0",NULL,"Red","-6.25012","53.3575","2012-01-04 16:14:22","2012-01-04 16:14:22"
"8","25","Prussia Street","7","10 P n D / DP","Opposite Joseph's Road",NULL,"1.6","St. Joseph's Rd 469","Mon-Sun 07.00-24.00","0",NULL,NULL,NULL,"1",NULL,"Green","-6.28713","53.3549","2012-01-04 16:14:22","2012-01-04 16:14:22"
"9","26","Kenilworth Square West","6","71 P n D / DP","At Park",NULL,"1.6","4 At Kenilworth Square","Mon-Fri 08.00-18.30","0",NULL,NULL,NULL,"0",NULL,"Green","-6.27719","53.3185","2012-01-04 16:14:22","2012-01-04 16:14:22"
"10","28","Tyrconnell Street","8","30 P n D / DP","Junction of Tyrconnel Road",NULL,"1","Tyrconnel Rd 732","Mon-Sat 07.00-24.00","0",NULL,NULL,NULL,"1",NULL,"Orange","-6.32342","53.3377","2012-01-04 16:14:22","2012-01-04 16:14:22"
"11","31","Raymond Street","8","68 P n D / DP","At No 25",NULL,"2.4","Clanbrassil Tce 773","Mon-Sat 07.00-24.00","0",NULL,NULL,NULL,"0",NULL,"Red","-6.27674","53.334","2012-01-04 16:14:22","2012-01-04 16:14:22"
"12","32","St. Alban's Road","8","44 P n D / DP","At South Circular Road",NULL,"1.6","Greenville Tce 34","Mon-Fri 08.00-18.30","0",NULL,NULL,NULL,"0",NULL,"Green","-6.27794","53.3319","2012-01-04 16:14:22","2012-01-04 16:14:22"
"13","36","Kenilworth Square South","6","80 P n D / DP","At Park",NULL,"1.6","4 At Kenilworth Square","Mon-Fri 08.00-18.30","0",NULL,NULL,NULL,"0",NULL,"Green","-6.2758","53.3172","2012-01-04 16:14:22","2012-01-04 16:14:22"
"14","47","Greenmount Lane","12","11 P n D / DP","At Number 18",NULL,"1.6","None Nearby","Mon-Sat 07.00-24.00","0",NULL,NULL,NULL,"0",NULL,"Green","-6.27845","53.3286","2012-01-04 16:14:22","2012-01-04 16:14:22"
"15","48","The Coombe","8","16 P n D / DP","Near Reginald Street / At No 62",NULL,"1.6","Gray St 649","Mon-Sat 07.00-24.00","0",NULL,NULL,NULL,"0",NULL,"Red","-6.27932","53.3397","2012-01-04 16:14:22","2012-01-04 16:14:22"
"16","49","St. Philomena's Road","11","17 P n D / DP","Off Finglas Road","2002-05-09","1","Prospect Avenue 661 (€1.50)","Mon-Sat 07.00-24.00","0",NULL,NULL,NULL,"0",NULL,"Orange","-6.27313","53.3676","2012-01-04 16:14:22","2012-01-04 16:14:22"
"17","51","Kenilworth Square East","6","84 P n D / DP","At Park","2002-05-09","1.6","4 At Kenilworth Square","Mon-Sat 07.00-19.00","0",NULL,NULL,NULL,"0",NULL,"Green","-6.27458","53.3183","2012-01-04 16:14:22","2012-01-04 16:14:22"
"18","54","St. Joseph's Parade","7","16 P n D / DP","Off Dorset Street Lower","2002-05-09","2.4","Eccles St 409","Mon-Sat 07.00-24.00","0",NULL,NULL,NULL,"0",NULL,"Red","-6.26616","53.3573","2012-01-04 16:14:22","2012-01-04 16:14:22"
"19","55","St. Brigid's Road (Artane)","5",NULL,"Outside No. 48 St Brigid's Road",NULL,"0.6",NULL,"Mon-Sat 07.00-19.00","0",NULL,NULL,NULL,"1",NULL,"Blue","-6.20519","53.3819","2012-01-04 16:14:22","2012-01-04 16:14:22"
"20","56","St. Brigid's Road Lower","9","40 P n D / DP","At Whitworth Rd Junction","2002-04-23","1.6","St. Patrick's Road 632","Mon-Sun 07.00-24.00","0",NULL,NULL,NULL,"0",NULL,"Green","-6.26252","53.3626","2012-01-04 16:14:22","2012-01-04 16:14:22"
"21","57","Collin's Avenue East","5","22 P n D","Opposite Number 66","2002-04-22","1","Kilbride Rd 145","Mon-Sat 07.00-19.00","0",NULL,NULL,NULL,"0",NULL,"Orange","-6.21001","53.373","2012-01-04 16:14:22","2012-01-04 16:14:22"
"22","64","Fairview Avenue Upper","3","27 P n D","At Green",NULL,"1","Fairview Ave Lwr 466","Mon-Fri 08.00-18.30","0",NULL,NULL,NULL,"0",NULL,"Orange","-6.23505","53.3653","2012-01-04 16:14:22","2012-01-04 16:14:22"
"23","66","Bellevue (Coach Parking)","8",NULL,"Guinness Brewery",NULL,"1.6","Grand Canal Place 8","COACHES ONLY 24 HRS","0",NULL,NULL,NULL,"0",NULL,"Green","-6.28604","53.3416","2012-01-04 16:14:22","2012-01-04 16:14:22"
"24","70","Larch Grove","6","8 P n D / DP","Off Sandford Road","2002-04-17","2.4","None Nearby","Mon-Sat 07.00-24.00","0",NULL,NULL,NULL,"0",NULL,"Red","-6.2464","53.3216","2012-01-04 16:14:22","2012-01-04 16:14:22"
"25","71","Dartry Road","6","28 P n D / DP","At Dodder Walk","2002-04-16","1","None Nearby","Mon-Sun 07.00-21.00","0",NULL,NULL,NULL,"0",NULL,"Orange","-6.25964","53.3084","2012-01-04 16:14:22","2012-01-04 16:14:22"
"26","73","Ardagh Road","12","38 P n D / DP","Off Crumlin Road","2002-04-16","1","None Nearby","Mon-Sat 07.00-24.00","0",NULL,NULL,NULL,"0",NULL,"Orange","-6.30321","53.3288","2012-01-04 16:14:22","2012-01-04 16:14:22"
"27","74","Bow Lane West","8","26 P n D / DP","Opposite Number 4  n  East of Bow Bridge",NULL,"1","None Nearby","Mon-Sat 07.00-19.00","0",NULL,NULL,NULL,"1",NULL,"Orange","-6.29559","53.3428","2012-01-04 16:14:22","2012-01-04 16:14:22"
"28","75","Langrishe Place","1","22 P n D / DP","Off Summerhill","2002-04-17","2.4","None Nearby","Mon-Sun 07.00-24.00","0",NULL,NULL,NULL,"0",NULL,"Red","-6.256","53.3547","2012-01-04 16:14:22","2012-01-04 16:14:22"
"29","76","Sandymount Avenue","4","43 P n D / DP (Total)","At Number 53","2002-04-15","1","None Nearby","Mon-Fri 08.00-18.30","0",NULL,NULL,NULL,"0",NULL,"Orange","-6.21849","53.3292","2012-01-04 16:14:22","2012-01-04 16:14:22"
"30","109","Emmet Road","8","155 P n D / DP (Total)","No 10",NULL,"1","Emmet Rd 154","Mon-Sat 07.00-19.00","0",NULL,NULL,NULL,"0",NULL,"Orange","-6.30843","53.3405","2012-01-04 16:14:22","2012-01-04 16:14:22"
"31","127","Grattan Crescent","8","23 P n D (Total)","Opposite Park",NULL,"1","Grattan Crescent 663","Mon-Sat 07.00-19.00","0",NULL,NULL,NULL,"0",NULL,"Orange","-6.32015","53.3409","2012-01-04 16:14:22","2012-01-04 16:14:22"
"32","128","Annadale Avenue","3","27 P n D / DP","Off Phillipsburgh Avenue",NULL,"1","None Nearby","Mon-Sat 07.00-24.00","0",NULL,NULL,NULL,"0",NULL,"Orange","-6.24013","53.3667","2012-01-04 16:14:22","2012-01-04 16:14:22"
"33","134","Victoria Quay","8","10 P n D","West Of Watling Street Bridge",NULL,"1.6","None Nearby","Mon-Sat 07.00-19.00","0",NULL,NULL,NULL,"0",NULL,"Green","-6.2854","53.3465","2012-01-04 16:14:22","2012-01-04 16:14:22"
"34","135","Parkgate Street","8","13 P n D + 3 DP (Total)","Opposite Cowan's Motors",NULL,"1","Parkgate St 113","Mon-Sat 07.00-19.00","0",NULL,NULL,NULL,"0",NULL,"Orange","-6.29387","53.348","2012-01-04 16:14:22","2012-01-04 16:14:22"
"35","139","Hatch Street Lower","2","49 P n D + 3 DP (Total)","No 25",NULL,"2.9","5 On Hatch St Lwr","Mon-Sat 07.00-19.00","0",NULL,NULL,"S.Side West of Leeson St","1",NULL,"Yellow","-6.25671","53.3339","2012-01-04 16:14:22","2012-01-04 16:14:22"
"36","144","Royal Canal Bank","7","58 P n D / DP","At Number 1",NULL,"1.6","None Nearby","Mon-Sun 07.00-24.00","0",NULL,NULL,NULL,"0",NULL,"Green","-6.27117","53.3613","2012-01-04 16:14:22","2012-01-04 16:14:22"
"37","154","Emmet Road","8","155 P n D / DP (Total)","No 13 / West of N'side SCR","1998-12-11","1","Emmet Rd 109","Mon-Sat 07.00-19.00","0",NULL,NULL,NULL,"1",NULL,"Orange","-6.30993","53.3407","2012-01-04 16:14:22","2012-01-04 16:14:22"
"38","155","Killester Avenue","5","17 P n D / DP","At Number 44",NULL,"1","None Nearby","Mon-Fri 08.00-18.30","0",NULL,NULL,NULL,"0",NULL,"Orange","-6.20951","53.3753","2012-01-04 16:14:22","2012-01-04 16:14:22"
"39","158","Iona Road","9","14 P n D / DP","Junction Of Botanic Road",NULL,"1.6","Lindsay Rd 7","Mon-Sat 07.00-24.00","0",NULL,NULL,NULL,"0",NULL,"Green","-6.27077","53.3667","2012-01-04 16:14:22","2012-01-04 16:14:22"
"40","161","Frankfort Avenue","6","96 P n D / DP","At Number 75",NULL,"1","Leicester Ave 738","Mon-Sat 07.00-24.00","0",NULL,NULL,NULL,"0",NULL,"Orange","-6.26894","53.3166","2012-01-04 16:14:22","2012-01-04 16:14:22"
"41","162","Victoria Road","6","67 P n D / DP","Junction of Zion Road",NULL,"1","Herzog Pk 21","Mon-Fri 08.00-18.30","0",NULL,NULL,NULL,"0",NULL,"Orange","-6.27415","53.3091","2012-01-04 16:14:22","2012-01-04 16:14:22"
"42","163","Brunswick Street North","7","24 P n D / DP (Total)","At Boys' School",NULL,"2.4","Brunswick St N 641","Mon-Sat 07.00-19.00","0",NULL,NULL,NULL,"0",NULL,"Red","-6.27901","53.3505","2012-01-04 16:14:22","2012-01-04 16:14:22"
"43","165","St. Agnes' Road","12","19 P n D","At Car Park Opposite AIB Crumlin","2002-04-25","1","None Nearby","Mon-Sat 07.00-19.00","0",NULL,NULL,NULL,"0",NULL,"Orange","-6.31698","53.3165","2012-01-04 16:14:22","2012-01-04 16:14:22"
"44","181","Wellington Road","4","126 P n D / DP (Total)","No 1A",NULL,"2.9","4 On Pembroke Rd","Mon-Fri 08.00-18.30","0",NULL,"Mon - Fri",NULL,"1",NULL,"Yellow","-6.24082","53.3317","2012-01-04 16:14:22","2012-01-04 16:14:22"
"45","226","Burlington Road","4","144 P n D / DP (Total)","Ark Life Assurance",NULL,"2.9","5 On Burlington Rd","Mon-Fri 08.00-18.30","0",NULL,NULL,NULL,"1",NULL,"Yellow","-6.24563","53.3316","2012-01-04 16:14:22","2012-01-04 16:14:22"
"46","228","Charlemont Mall","2","70 P n D / DP (Total)","At Light-Stand 12","2001-04-17","2.4","Charlemont Mall Charlemont Mall 126 (€2.90)","Mon-Fri  08.00-18.30","0",NULL,NULL,"replaced met.668  03/03/2010","1",NULL,"Red","-6.26334","53.3303","2012-01-04 16:14:22","2012-01-04 16:14:22"
"47","233","Arran Street East","7","5 P n D + 12 DP","Opposite Number 3",NULL,"2.9","5 On Ormond Quay Upr","Mon-Sat 07.00-19.00","0",NULL,NULL,"W.Side = south of Ormond Square","1",NULL,"Yellow","-6.27005","53.3463","2012-01-04 16:14:22","2012-01-04 16:14:22"
"48","235","Harcourt Terrace","2","33 P n D / DP","Opposite Number 19",NULL,"2.9","6 On Adelaide Road","Mon-Sat 07.00-19.00","0",NULL,"DP Mon-Sat","W.Side = South of Adelaide Rd","1",NULL,"Yellow","-6.25782","53.332","2012-01-04 16:14:22","2012-01-04 16:14:22"
"49","244","Emmet Road","8","155 P n D / DP (Total)","East of S'side St Vincent Street",NULL,"1","Emmet Rd 652","Mon-Sat 07.00-19.00","0",NULL,"P n D Mon - Fri",NULL,"1",NULL,"Orange","-6.31833","53.3397","2012-01-04 16:14:22","2012-01-04 16:14:22"
"50","248","Pembroke Road","4","103 P n D / DP (Total)","Number 78-80",NULL,"2.9","4 On Pembroke Rd","Mon-Sat 07.00-19.00","0",NULL,NULL,NULL,"1",NULL,"Yellow","-6.23853","53.3325","2012-01-04 16:14:22","2012-01-04 16:14:22"
"51","272","St. Mary's Place North","7","14 P n D (Total)","At Christian Brothers' School",NULL,"2.4","St. Mary's Place Nth 273","Mon-Sat 07.00-19.00","0",NULL,NULL,NULL,"1",NULL,"Red","-6.26727","53.3544","2012-01-04 16:14:22","2012-01-04 16:14:22"
"52","273","St. Mary's Place North","7","14 P n D (Total)","At Flats",NULL,"2.4","St. Mary's Place Nth 272","Mon-Sat 07.00-19.00","0",NULL,NULL,NULL,"1",NULL,"Red","-6.26742","53.3543","2012-01-04 16:14:22","2012-01-04 16:14:22"
"53","298","Marlborough Road","4","64 P n D / DP","No 90",NULL,"2.4","None Nearby","Mon-Fri 08.00-18.30","0",NULL,NULL,NULL,"1",NULL,"Red","-6.24553","53.3227","2012-01-04 16:14:22","2012-01-04 16:14:22"
"54","304","St. Mary's Road South","4","108 P n D / DP (Total)","Junction Of Northumberland Road",NULL,"2.9","St. Mary's Rd Sth 329","Mon-Sat 07.00-19.00","0",NULL,NULL,NULL,"1",NULL,"Yellow","-6.23725","53.3346","2012-01-04 16:14:22","2012-01-04 16:14:22"
"55","306","Clontarf Road","3","29 P n D / DP (Total)","At Number 10",NULL,"1","None Nearby","Mon-Fri 07.00-24.00","0",NULL,NULL,NULL,"1",NULL,"Orange","-6.22401","53.3636","2012-01-04 16:14:22","2012-01-04 16:14:22"
"56","316","Longwood Avenue","2","71 P n D / DP","Junction Of South Circular Road",NULL,"2.4","3 On Clanbrassil St","Mon-Sat 07.00-24.00","0",NULL,NULL,NULL,"1",NULL,"Red","-6.27348","53.332","2012-01-04 16:14:22","2012-01-04 16:14:22"
"57","318","Kenilworth Square North","6","76 P n D / DP","Opposite Number 88A",NULL,"1.6","4 At Kenilworth Square","Mon-Fri 08.00-18.30","0",NULL,NULL,NULL,"0",NULL,"Green","-6.27486","53.3197","2012-01-04 16:14:22","2012-01-04 16:14:22"
"58","324","Richmond Street South","2","8 P n D + 4 DP","Opposite Number 59 (AIB)",NULL,"2.4","3 On Lennox Street","Mon-Sat 07.00-19.00","0",NULL,NULL,NULL,"1",NULL,"Red","-6.26467","53.3322","2012-01-04 16:14:22","2012-01-04 16:14:22"
"59","326","Wesley Road","6","30 P n D / DP","At Post Office",NULL,"1","Rathgar Rd 166","Mon-Sun 07.00-24.00","0",NULL,NULL,NULL,"1",NULL,"Orange","-6.27308","53.3136","2012-01-04 16:14:22","2012-01-04 16:14:22"
"60","335","Watling Street","8","18 P n D","At Emmet Buildings",NULL,"2.4","None Nearby","Mon-Sat 07.00-19.00","0",NULL,NULL,NULL,"1",NULL,"Red","-6.28489","53.3444","2012-01-04 16:14:22","2012-01-04 16:14:22"
"61","336","Milltown Road","6",NULL,"Opposite No. 38",NULL,"1","None Nearby","Mon-Sat 07.00-19.00","0",NULL,NULL,NULL,"1",NULL,"Orange","-6.25582","53.3083","2012-01-04 16:14:22","2012-01-04 16:14:22"
"62","338","Castlewood Terrace","6","15 P n D / DP","At Number 12",NULL,"2.4","None Nearby","Mon-Sun 07.00-24.00","0",NULL,NULL,NULL,"0",NULL,"Red","-6.263","53.3234","2012-01-04 16:14:22","2012-01-04 16:14:22"
"63","352","High Street","8","9 P n D","At Church","1999-04-19","2.9","Cook St 231","Mon-Sat 07.00-19.00","0",NULL,NULL,NULL,"1",NULL,"Yellow","-6.27337","53.3433","2012-01-04 16:14:22","2012-01-04 16:14:22"
"64","353","Amiens Street","1","58 P n D (Total)","Local Employment Centre","1999-04-19","2.4","6 On Amiens Street","Mon-Sat 07.00-19.00","1",NULL,NULL,NULL,"1",NULL,"Red","-6.24815","53.3535","2012-01-04 16:14:22","2012-01-04 16:14:22"
"65","354","Amiens Street","1","58 P n D (Total)","Corner of Preston St","1999-04-19","2.4","6 On Amiens Street","Mon-Sat 07.00-19.00","0",NULL,NULL,NULL,"1",NULL,"Red","-6.24805","53.3533","2012-01-04 16:14:22","2012-01-04 16:14:22"
"66","355","Amiens Street","1","58 P n D (Total)","Near Number 85","1999-04-19","2.4","6 On Amiens Street","Mon-Sat 07.00-19.00","0",NULL,NULL,NULL,"1",NULL,"Red","-6.24719","53.3541","2012-01-04 16:14:22","2012-01-04 16:14:22"
"67","356","Amiens Street","1","58 P n D (Total)","No 3","1999-04-19","2.4","6 On Amiens Street","Mon-Sat 07.00-19.00","0",NULL,NULL,NULL,"1",NULL,"Red","-6.24725","53.3543","2012-01-04 16:14:22","2012-01-04 16:14:22"
"68","362","Francis Street","8","43 P n D + 26 DP (Total)","No 32","1999-04-19","2.9","6 On Francis St","Mon-Sat 07.00-19.00","0",NULL,NULL,NULL,"1",NULL,"Yellow","-6.27493","53.3417","2012-01-04 16:14:22","2012-01-04 16:14:22"
"69","363","Francis Street","8","43 P n D + 26 DP (Total)","Opposite Viking Lodge Pub","1999-04-19","2.9","6 On Francis St","Mon-Sat 07.00-19.00","0",NULL,NULL,NULL,"1",NULL,"Yellow","-6.2751","53.3416","2012-01-04 16:14:22","2012-01-04 16:14:22"
"70","364","Francis Street","8","43 P n D + 26 DP (Total)","No 104","1999-04-19","2.9","6 On Francis St","Mon-Sat 07.00-19.00","0",NULL,NULL,NULL,"1",NULL,"Yellow","-6.27459","53.3409","2012-01-04 16:14:22","2012-01-04 16:14:22"
"71","365","Francis Street","8","43 P n D + 26 DP (Total)","No 54","1999-04-19","2.9","6 On Francis St","Mon-Sat 07.00-19.00","0",NULL,NULL,NULL,"1",NULL,"Yellow","-6.27433","53.3408","2012-01-04 16:14:22","2012-01-04 16:14:22"
"72","366","Francis Street","8","43 P n D + 26 DP (Total)","No 64","1999-04-19","2.9","6 On Francis St","Mon-Sat 07.00-19.00","0",NULL,NULL,NULL,"1",NULL,"Yellow","-6.2737","53.3397","2012-01-04 16:14:22","2012-01-04 16:14:22"
"73","368","Brookvale Road (Donnybrook)","4","16 P n D / DP","Off Eglinton Road",NULL,"2.4","Eglinton Rd 454","Mon-Fri 08.00-18.30","0",NULL,NULL,NULL,"0",NULL,"Red","-6.23382","53.3184","2012-01-04 16:14:22","2012-01-04 16:14:22"
"74","370","Merrion Road","4","17 P n D / DP","At Sony Centre / Ballsbridge Park Junction","1999-04-27","2.4","Anglesea Road 288","Mon-Sat 07.00-19.00","0",NULL,NULL,NULL,"1",NULL,"Yellow","-6.23012","53.3288","2012-01-04 16:14:22","2012-01-04 16:14:22"
"75","384","South Lotts Road","4","63 P n D / DP (Total)","Opp no 33",NULL,"2.4","3 On South Lotts Rd","Mon-Sat 07.00-24.00","0",NULL,NULL,NULL,"1",NULL,"Red","-6.23319","53.3386","2012-01-04 16:14:22","2012-01-04 16:14:22"
"76","385","Nutley Avenue","4","160 P n D / DP","Corner of Nutley Lane",NULL,"1.6","Nutley Lane 471","Mon-Fri 08.00-18.30","0",NULL,NULL,NULL,"1",NULL,"Green","-6.21611","53.3182","2012-01-04 16:14:22","2012-01-04 16:14:22"
"77","391","Serpentine Avenue","4","60 P n D / DP (Total)","Opposite no 15",NULL,"2.4","Serpentine Ave 845","Mon-Fri 07.00-19.00","0",NULL,NULL,NULL,"1",NULL,"Red","-6.22602","53.3287","2012-01-04 16:14:22","2012-01-04 16:14:22"
"78","403","Sandymount Village","4","46 P n D / DP (Total)","At Seafort Avenue",NULL,"1","6 In Sandymount Village","Mon-Sat 07.00-24.00","0",NULL,NULL,"Weast side =North of Sandymount road","1",NULL,"Orange","-6.21528","53.3327","2012-01-04 16:14:22","2012-01-04 16:14:22"
"79","404","Sandymount Village","4","46 P n D / DP (Total)","At the Green / Takeaway",NULL,"1","6 In Sandymount Village","Mon-Sat 07.00-19.00","0",NULL,NULL,"North side =east of seafort ave","1",NULL,"Orange","-6.21486","53.3321","2012-01-04 16:14:22","2012-01-04 16:14:22"
"80","405","Sandymount Village","4","46 P n D / DP (Total)","At the Green / No 14",NULL,"1","6 In Sandymount Village","Mon-Sat 07.00-19.00","0",NULL,NULL,"south side =east of nut grove gardens","1",NULL,"Orange","-6.21483","53.3317","2012-01-04 16:14:22","2012-01-04 16:14:22"
"81","407","Sandymount Village","4","46 P n D / DP (Total)","At Sandymount Road / No 85 / Xtra Vision",NULL,"1","6 In Sandymount Village","Mon-Sat 07.00-19.00","0",NULL,NULL,"West side =South of marine drive","1",NULL,"Orange","-6.21644","53.3331","2012-01-04 16:14:22","2012-01-04 16:14:22"
"82","408","Sandymount Village","4","46 P n D / DP (Total)","At Sandymount Road / Post office",NULL,"1","6 In Sandymount Village","Mon-Sat 07.00-19.00","0",NULL,NULL,"East side =South of Marine Drive","1",NULL,"Orange","-6.21617","53.333","2012-01-04 16:14:22","2012-01-04 16:14:22"
"83","426","St. Ignatius' Road","7","112 P n D / DP","Near corner of Drumcondra Rd",NULL,"1.6","Drumcondra Rd Lwr 848","Mon-Fri 08.00-18.30","0",NULL,NULL,NULL,"1",NULL,"Green","-6.26049","53.3612","2012-01-04 16:14:22","2012-01-04 16:14:22"
"84","454","Eglinton Road","4","80 P n D / DP (Total)","At Number 30","2002-04-15","2.4","Brookvale Road 368","Mon-Sat 07.00-19.00","0",NULL,NULL,NULL,"0",NULL,"Red","-6.23789","53.3184","2012-01-04 16:14:22","2012-01-04 16:14:22"
"85","455","Ballyfermot Road","10","83 P n D (Total)","At Kiely's Pharmacy (Number 280)",NULL,"0.6","Ballyfermot Rd 756","Mon-Sat 07.00-19.00","0",NULL,NULL,NULL,"0",NULL,"Blue","-6.35128","53.3422","2012-01-04 16:14:22","2012-01-04 16:14:22"
"86","461","Sandwith Street","2","43 P n D / DP","At Apartments","2000-02-01","2.9","Townsend St 284","Mon-Fri 08.00-18.30","0",NULL,NULL,NULL,"1",NULL,"Yellow","-6.24683","53.3445","2012-01-04 16:14:22","2012-01-04 16:14:22"
"87","464","Pembroke Park","4","76 P n D / DP","Number 27","2000-02-01","2.4","Herbert Park 293","Mon-Fri 08.00-18.30","0",NULL,NULL,NULL,"1",NULL,"Red","-6.24002","53.3266","2012-01-04 16:14:22","2012-01-04 16:14:22"
"88","465","St Kevin's Parade","8","110 P n D","No 27","2000-02-01","2.4","Ovoca Rd 588","Mon-Fri 08.00-18.30","0",NULL,NULL,NULL,"1",NULL,"Red","-6.27286","53.3341","2012-01-04 16:14:22","2012-01-04 16:14:22"
"89","467","Annamoe Road","7","4 P n D + 8 DP","Hanlon's Pub","2000-02-01","1.6","None Nearby","Mon-Sat 07.00-19.00","0",NULL,NULL,"North side east of old cabra road","1",NULL,"Green","-6.28844","53.3574","2012-01-04 16:14:22","2012-01-04 16:14:22"
"90","480","Francis Street","8","43 P n D + 26 DP (Total)","Near Tivoli","2000-03-27","2.9","6 On Francis St","Mon-Sat 07.00-19.00","0",NULL,NULL,NULL,"1",NULL,"Yellow","-6.27587","53.3427","2012-01-04 16:14:22","2012-01-04 16:14:22"
"91","482","Killester DART Station","5",NULL,"At DART Station","2001-12-03","1","None Nearby","Mon-Fri 08.00-18.30","0",NULL,NULL,NULL,"1",NULL,"Orange","-6.2042","53.373","2012-01-04 16:14:22","2012-01-04 16:14:22"
"92","489","Hatch Street Upper","2","58 P n D (Total)","Styne House","2000-03-29","2.9","6 On Hatch St Upr","Mon-Sat 07.00-19.00","0",NULL,NULL,NULL,"1",NULL,"Yellow","-6.26174","53.3341","2012-01-04 16:14:22","2012-01-04 16:14:22"
"93","496","St. John's Road West","8",NULL,"Opposite Heuston Station","2002-04-13","1.6","None Nearby","Mon-Sat 07.00-19.00","0",NULL,NULL,NULL,"1",NULL,"Green","-6.29332","53.3459","2012-01-04 16:14:22","2012-01-04 16:14:22"
"94","499","Terenure Road North","6","7 P n D (Total)","At Charity Shop",NULL,"1","Brighton Sq 146","Mon-Sat 07.00-19.00","0",NULL,NULL,NULL,"1",NULL,"Orange","-6.28074","53.3167","2012-01-04 16:14:22","2012-01-04 16:14:22"
"95","506","Pembroke Road","4","103 P n D / DP (Total)","Wellington Road","2000-04-29","2.9","4 On Pembroke Rd","Mon-Sat 07.00-19.00","0",NULL,NULL,NULL,"1",NULL,"Yellow","-6.24017","53.3325","2012-01-04 16:14:22","2012-01-04 16:14:22"
"96","521","Kirwan Street","7","23 P n D / DP","No 12-13","2000-05-09","1.6","3 on Manor St","Mon-Fri 08.00-18.30","0",NULL,NULL,"4 on Manor Street","1",NULL,"Green","-6.28284","53.3527","2012-01-04 16:14:22","2012-01-04 16:14:22"
"97","533","Hollybrook Road","3","52 P n D","No 51 Corner of Clontarf Rd","2000-05-11","1","Clontarf Road 832","Mon-Sat 07.00-24.00","0",NULL,NULL,NULL,"1",NULL,"Orange","-6.21868","53.3631","2012-01-04 16:14:22","2012-01-04 16:14:22"
"98","535","Eglinton Road","4","80 P n D / DP (Total)","At Number 77","2002-04-15","2.4","None Nearby","Mon-Fri 08.00-18.30","0",NULL,NULL,NULL,"0",NULL,"Red","-6.24034","53.3185","2012-01-04 16:14:22","2012-01-04 16:14:22"
"99","536","Morning Star Avenue","7",NULL,"Opposite Whitworth Hall","2000-05-15","2.4","None Nearby","Mon-Sat 07.00-19.00","0",NULL,NULL,NULL,"1",NULL,"Red","-6.27578","53.3516","2012-01-04 16:14:22","2012-01-04 16:14:22"
"100","538","Simmonscourt Road","4","72 P n D / DP (Total)","Near Entrance To RDS Showgrounds","2000-05-18","2.4","3 On Simmonscourt Rd","Mon-Fri 08.00-18.30","0",NULL,NULL,NULL,"1",NULL,"Red","-6.22689","53.3256","2012-01-04 16:14:22","2012-01-04 16:14:22"
"101","539","Simmonscourt Road","4","72 P n D / DP (Total)","Entrance to RDS showgrounds","2000-05-18","2.4","3 On Simmonscourt Rd","Mon-Fri 08.00-18.30","0",NULL,NULL,NULL,"1",NULL,"Red","-6.22888","53.3248","2012-01-04 16:14:22","2012-01-04 16:14:22"
"102","545","Cabra Road","7","18 P n D","Xtra-Vision","2000-06-06","1.6","None Nearby","Mon-Sat 07.00-19.00","0",NULL,NULL,NULL,"1",NULL,"Green","-6.28455","53.3612","2012-01-04 16:14:22","2012-01-04 16:14:22"
"103","547","Glengarriff Parade","7","82 P n D / DP","Opp no 9 Corner of NCRd","2000-06-07","1.6","Innisfallen Parade 423","Mon-Fri 08.00-18.30","0",NULL,NULL,NULL,"0",NULL,"Green","-6.26603","53.3604","2012-01-04 16:14:22","2012-01-04 16:14:22"
"104","549","Rosemount Road","7","32 P n D / DP","At NCR Junction / At Side Of Number 284","2000-06-21","2.4","Nth Circular Rd 59","Mon-Fri 08.00-18.30","0",NULL,NULL,NULL,"0",NULL,"Red","-6.27891","53.3595","2012-01-04 16:14:22","2012-01-04 16:14:22"
"105","551","St. Patrick's Close","8","6 P n D / DP","Corner Of Kevin Street","2000-07-06","2.9","Bull Alley St 323","Mon-Sat 07.00-19.00","0",NULL,NULL,NULL,"1",NULL,"Yellow","-6.27056","53.3385","2012-01-04 16:14:22","2012-01-04 16:14:22"
"106","560","Blackberry Lane","6","11 P n D / DP","Corner of Rathmines Road Lower","2000-07-25","1.6","None Nearby","Mon-Sat 07.00-19.00","0",NULL,NULL,NULL,"1",NULL,"Green","-6.26473","53.3286","2012-01-04 16:14:22","2012-01-04 16:14:22"
"107","563","Blessington Street","7","49 P n D / DP (Total)","Number 68","2000-08-16","2.4","Blessington St 250","Mon-Sat 07.00-24.00","0",NULL,NULL,NULL,"1",NULL,"Red","-6.26697","53.3564","2012-01-04 16:14:22","2012-01-04 16:14:22"
"108","567","Mount Argus (Harold's Cross)","6","4 P n D","At Church Main Gate",NULL,"1.6","Harold's Cross Road 728","Mon-Sat 07.00-19.00","0",NULL,NULL,NULL,"0",NULL,"Green","-6.27995","53.3241","2012-01-04 16:14:22","2012-01-04 16:14:22"
"109","568","St. Anne's Road South","8","24 P n D / DP","Junction of South Circular Road","2000-09-05","1","Dolphin Avenue 835","Mon-Sat 08.00-18.30","0",NULL,NULL,NULL,"1",NULL,"Orange","-6.28595","53.332","2012-01-04 16:14:22","2012-01-04 16:14:22"
"110","569","Conyngham Road","8","46 P n D + 12 DP (Total)","At Parkgate (Sarsfields) Motors","2000-09-12","1","Conyngham Rd 731","Mon-Fri 10.00-16.00","1","before10.00after16.00",NULL,NULL,"1",NULL,"Orange","-6.29912","53.3481","2012-01-04 16:14:22","2012-01-04 16:14:22"
"111","583","Cornmarket Street","8","7 P n D","MRCB","2000-10-06","2.9","Oliver Bond St 383","Mon-Sat 07.00-19.00","0",NULL,NULL,NULL,"1",NULL,"Yellow","-6.27545","53.3433","2012-01-04 16:14:22","2012-01-04 16:14:22"
"112","585","South Circular Road","8","10 P n D / DP (Total)","At Number 599",NULL,"1","Emmet Rd 109","Mon-Sat 07.00-19.00","0",NULL,NULL,NULL,"1",NULL,"Orange","-6.30658","53.3392","2012-01-04 16:14:22","2012-01-04 16:14:22"
"113","602","Anglesea Road","4","105 P n D / DP (Total)","North of W'side Ailesbury Drive","2001-03-03","2.4","None Nearby","Mon-Sat 07.00-19.00","0",NULL,NULL,NULL,"1",NULL,"Red","-6.23083","53.3213","2012-01-04 16:14:22","2012-01-04 16:14:22"
"114","616","Old Kilmainham","8","18 P n D / DP","At Number 31","2001-03-06","1","Mount Brown 617","Mon-Fri 08.00-18.30","0",NULL,NULL,NULL,"1",NULL,"Orange","-6.30453","53.3408","2012-01-04 16:14:22","2012-01-04 16:14:22"
"115","617","Mount Brown","8","6 P n D + 33 DP (Total)","At No 80","2001-03-06","1","Old Kilmainham 616","Mon-Sat 07.00-19.00","0",NULL,NULL,NULL,"1",NULL,"Orange","-6.30252","53.3408","2012-01-04 16:14:22","2012-01-04 16:14:22"
"116","618","Mount Brown","8","6 P n D + 33 DP (Total)","Between 25  n  26","2001-03-06","1","Mount Brown 619","Mon-Sat 07.00-19.00","0",NULL,NULL,NULL,"1",NULL,"Orange","-6.29868","53.3414","2012-01-04 16:14:22","2012-01-04 16:14:22"
"117","622","James' Street","8","22 P n D + 9 DP (Total)","At 176  n  Opposite entrance to St. James' Hospital","2001-03-07","1","Mount Brown 619 (€1.00)","Mon-Sat 07.00-19.00","0",NULL,NULL,NULL,"1",NULL,"Orange","-6.29467","53.3423","2012-01-04 16:14:22","2012-01-04 16:14:22"
"118","624","Grand Canal Street Upper","4","56 P n D / DP","Opposite Number 26","2001-03-07","2.9","Shelbourne Rd 654","Mon-Fri 08.00-18.30","0",NULL,NULL,NULL,"1",NULL,"Yellow","-6.23594","53.3377","2012-01-04 16:14:22","2012-01-04 16:14:22"
"119","628","Barrow Street","4","85 P n D / DP (Total)","Opposite Number 16","2001-03-07","2.4","Barrow St 627","Mon-Sat 07.00-24.00","0",NULL,NULL,NULL,"1",NULL,"Red","-6.23625","53.3415","2012-01-04 16:14:22","2012-01-04 16:14:22"
"120","637","South Lotts Road","4","63 P n D / DP (Total)","At ESB","2001-03-12","2.4","3 On South Lotts Rd","Mon-Sat 07.00-24.00","0",NULL,NULL,NULL,"1",NULL,"Red","-6.23252","53.3393","2012-01-04 16:14:22","2012-01-04 16:14:22"
"121","641","Brunswick Street North","7","24 P n D / DP (Total)","Opposite Kebry print",NULL,"2.4","Brunswick St N 163","Mon-Sat 07.00-19.00","0",NULL,NULL,NULL,"1",NULL,"Red","-6.27968","53.3505","2012-01-04 16:14:22","2012-01-04 16:14:22"
"122","645","South Circular Road","8","17 P n D / DP","Outside number 448","2001-03-12","1","South Circular Rd 168","Mon-Sat 07.00-19.00","0",NULL,NULL,NULL,"1",NULL,"Orange","-6.29302","53.3348","2012-01-04 16:14:22","2012-01-04 16:14:22"
"123","655","Merrion Road","4","11 P n D / DP","At Number 180","2001-04-05","1.6","Merrion View Ave 130","Mon-Sat 07.00-19.00","0",NULL,NULL,NULL,"1",NULL,"Green","-6.21188","53.3186","2012-01-04 16:14:22","2012-01-04 16:14:22"
"124","659","Sydenham Road","4","25 P n D / DP","Opposite Merrion Hall","2001-04-05","2.4","Serpentine Ave 391","Mon-Fri 07.00-19.00","0",NULL,NULL,NULL,"1",NULL,"Red","-6.22522","53.3277","2012-01-04 16:14:22","2012-01-04 16:14:22"
"125","660","Richmond Avenue","6","39 P n D / DP","At Number 2","2001-04-05","1.6","None Nearby","Mon-Fri 08.00-18.30","0",NULL,NULL,"Disc parking","0",NULL,"Green","-6.24338","53.3634","2012-01-04 16:14:22","2012-01-04 16:14:22"
"126","664","Shrewsbury Road","4","133 P n D / DP (Total)","At Number 18",NULL,"1.6","None Nearby","Mon-Fri 07.00-19.00","0",NULL,NULL,NULL,"1",NULL,"Green","-6.22324","53.3222","2012-01-04 16:14:22","2012-01-04 16:14:22"
"127","675","Vernon Avenue","3","34 P n D + 20 DP","At Number 9","2001-04-23","1","Clontarf Road 778","Mon-Sat 07.00-19.00","0",NULL,NULL,NULL,"1",NULL,"Orange","-6.1959","53.3596","2012-01-04 16:14:22","2012-01-04 16:14:22"
"128","680","Lansdowne Park","4","41 P n D / DP","At Number 45","2001-04-30","2.9","None Nearby","Mon-Fri 08.00-18.30","0",NULL,NULL,"Disc parking (8.30-18.00)","0",NULL,"Yellow","-6.23467","53.3337","2012-01-04 16:14:22","2012-01-04 16:14:22"
"129","682","Stirrup Lane","7","16 P n D / DP","Church Street To Beresford Street",NULL,"2.9","Beresford St 261","Mon-Fri 08.00-18.30","0",NULL,NULL,NULL,"0",NULL,"Red","-6.27399","53.3499","2012-01-04 16:14:22","2012-01-04 16:14:22"
"130","694","Chester Road","6","27 P n D / DP","At Mount Pleasant Avenue",NULL,"2.4","Mountpleasant Sq 432","Mon-Sat 07.00-19.00","0",NULL,NULL,NULL,"0",NULL,"Red","-6.25783","53.3252","2012-01-04 16:14:22","2012-01-04 16:14:22"
"131","700","New Row South","8","29 P n D / DP","Outside no.11","2001-06-11","2.4","6 On Francis St","Mon-Sun 07.00-24.00","0",NULL,NULL,NULL,"0",NULL,"Red","-6.27379","53.3384","2012-01-04 16:14:22","2012-01-04 16:14:22"
"132","704","Swords Road","9","5 P n D","At Iveragh Road Junction","2001-06-19","1","None Nearby","Mon-Sat 07.00-19.00","0",NULL,NULL,NULL,"0",NULL,"Orange","-6.24564","53.3808","2012-01-04 16:14:22","2012-01-04 16:14:22"
"133","707","Auburn Street","7","30 P n D / DP","At No. 13","2001-06-19","2.4","None Nearby","Mon-Fri 08.00-18.30","0",NULL,NULL,NULL,"1",NULL,"Red","-6.27163","53.3564","2012-01-04 16:14:22","2012-01-04 16:14:22"
"134","709","Bloomfield Avenue (Portobello)","8","85 P n D / DP","Opposite Locks restaurant","2001-06-25","2.4","Winsdor Tce 779","Mon-Sun 07.00-24.00","0",NULL,NULL,NULL,"0",NULL,"Red","-6.27151","53.3299","2012-01-04 16:14:22","2012-01-04 16:14:22"
"135","712","St. Assam's Road West","5","8 P n D","Opposite BOI Car Park","2001-06-25","0.6","Raheny Village 718","Mon-Fri 08.00-19.00","0",NULL,NULL,NULL,"0",NULL,"Blue","-6.17203","53.3808","2012-01-04 16:14:22","2012-01-04 16:14:22"
"136","714","Blackpitts","8","25 P n D / DP","Junction of Old Mill Court","2001-07-06","2.4","Clanbrassil Tce 773","Mon-Fri 08.00-18.30","0",NULL,NULL,NULL,"0",NULL,"Red","-6.27512","53.3359","2012-01-04 16:14:22","2012-01-04 16:14:22"
"137","719","Oliver Bond Street","8","76 P n D / DP (Total)","Opposite Car Park","2001-08-08","2.4","Bridgefoot St 801","Mon-Fri 08.00-18.30","0",NULL,NULL,NULL,"0",NULL,"Red","-6.28046","53.3439","2012-01-04 16:14:22","2012-01-04 16:14:22"
"138","725","Gulistan Terrace","6","17 P n D / DP","Opposite No. 23",NULL,"2.4","Mountpleasant Avenue Upper 882","Mon-Sun 07.00-24.00","0",NULL,NULL,NULL,"0",NULL,"Red","-6.26083","53.3249","2012-01-04 16:14:22","2012-01-04 16:14:22"
"139","726","Harold's Cross Road","6","58 P n D / DP (Total)","At Number 74","2001-08-28","1.6","Harold's Cross Rd 727","Mon-Sat 07.00-24.00","0",NULL,NULL,NULL,"0",NULL,"Green","-6.27816","53.3265","2012-01-04 16:14:22","2012-01-04 16:14:22"
"140","727","Harold's Cross Road","6","58 P n D / DP (Total)","At the fork in the Road","2001-09-28","1.6","Harold's Cross Rd 726","Mon-Sat 07.00-24.00","0",NULL,NULL,NULL,"0",NULL,"Green","-6.27789","53.3264","2012-01-04 16:14:22","2012-01-04 16:14:22"
"141","729","Harold's Cross Road","6","58 P n D / DP (Total)","Across from Century House","2001-08-28","1.6","Tivoli Ave 793","Mon-Sat 07.00-19.00","0",NULL,NULL,NULL,"0",NULL,"Green","-6.27888","53.3198","2012-01-04 16:14:22","2012-01-04 16:14:22"
"142","730","Sundrive Road","6","23 P n D","Kimmage opposite Superquinn","2001-09-06","1","None Nearby","Mon-Sat 07.00-19.00","0",NULL,NULL,NULL,"0",NULL,"Orange","-6.29136","53.3201","2012-01-04 16:14:23","2012-01-04 16:14:23"
"143","731","Conyngham Road","8","46 P n D + 12 DP (Total)","At Riverpark Apartments","2001-09-06","1","Conyngham Rd 569","Mon-Sat 08.00-19.00","0",NULL,NULL,NULL,"0",NULL,"Orange","-6.30296","53.3482","2012-01-04 16:14:23","2012-01-04 16:14:23"
"144","738","Leicester Avenue","6","78 P n D / DP","Opposite the Church","2001-10-08","1.6","Frankfort Ave 161","Mon-Sat 07.00-19.00","0",NULL,NULL,NULL,"0",NULL,"Green","-6.27072","53.3173","2012-01-04 16:14:23","2012-01-04 16:14:23"
"145","742","York Road","6","105 P n D / DP","At Number 51",NULL,"1.6","Rathmines Rd Upr 53","Mon-Sat 07.00-24.00","1","Before 10.00",NULL,NULL,"0",NULL,"Green","-6.26515","53.3188","2012-01-04 16:14:23","2012-01-04 16:14:23"
"146","755","Belmont Gardens","4","35 P n D / DP","South of E'side Belmont Avenue",NULL,"2.4","None Nearby","Mon-Sat 07.00-24.00","0",NULL,NULL,NULL,"0",NULL,"Red","-6.24204","53.32","2012-01-04 16:14:23","2012-01-04 16:14:23"
"147","757","Foley Street","1","24 P n D","At Five-Lamps",NULL,"2.4","6 On Amiens St","Mon-Sat 07.00-19.00","0",NULL,NULL,NULL,"0",NULL,"Red","-6.24921","53.3528","2012-01-04 16:14:23","2012-01-04 16:14:23"
"148","769","Ailesbury Road","4","169 P n D / DP (Total)","At Number 40A",NULL,"1.6","Ailesbury Grove 795","Mon-Fri 07.00-19.00","0",NULL,NULL,NULL,"0",NULL,"Green","-6.2229","53.32","2012-01-04 16:14:23","2012-01-04 16:14:23"
"149","770","New Wapping Street","1","16 P n D / DP","At Number 2",NULL,"2.4","None Nearby","Mon-Fri 07.00-19.00","0",NULL,NULL,NULL,"0",NULL,"Red","-6.23514","53.349","2012-01-04 16:14:23","2012-01-04 16:14:23"
"150","771","Sandymount Avenue","4","43 P n D / DP (Total)","Opposite Embassy Court / Junction Of Spafield Terrace",NULL,"1.6","None Nearby","Mon-Fri 08.00-18.30","0",NULL,NULL,NULL,"0",NULL,"Green","-6.22321","53.3269","2012-01-04 16:14:23","2012-01-04 16:14:23"
"151","772","Observatory Lane","6","8 P n D","At Bike Shop",NULL,"2.4","None Nearby","Mon-Sat 07.00-19.00","0",NULL,NULL,NULL,"0",NULL,"Red","-6.26481","53.3257","2012-01-04 16:14:23","2012-01-04 16:14:23"
"152","777","Clontarf Road","3","29 P n D / DP (Total)","At Number 162",NULL,"1","None Nearby","Mon-Sat 07.00-19.00","0",NULL,NULL,NULL,"0",NULL,"Orange","-6.20104","53.36","2012-01-04 16:14:23","2012-01-04 16:14:23"
"153","778","Clontarf Road","3","29 P n D / DP (Total)","At Number 201",NULL,"1","Vernon Avenue 675","Mon-Sat 07.00-19.00","0",NULL,NULL,NULL,"0",NULL,"Orange","-6.19546","53.3588","2012-01-04 16:14:23","2012-01-04 16:14:23"
"154","789","Mayfield Road East (Terenure)","8","12 P n D / DP","Side of #18 Terenure Park",NULL,"1","Eaton Square 891","Mon-Sat 07.00-24.00","0",NULL,NULL,NULL,"0",NULL,"Orange","-6.28522","53.3114","2012-01-04 16:14:23","2012-01-04 16:14:23"
"155","790","Cork Street","8","76 P n D / DP (Total)","Opposite Coombe Hospital",NULL,"1.6","Cork St 791","Mon-Sat 07.00-19.00","0",NULL,NULL,NULL,"0",NULL,"Green","-6.28985","53.3351","2012-01-04 16:14:23","2012-01-04 16:14:23"
"156","791","Cork Street","8","76 P n D / DP (Total)","At Morrisey's Pub",NULL,"1.6","Cork St 790","Mon-Sat 07.00-19.00","0",NULL,NULL,NULL,"0",NULL,"Green","-6.28754","53.3369","2012-01-04 16:14:23","2012-01-04 16:14:23"
"157","796","Temple Street West","8","9  P n D","Junction with Parkgate Street","2008-04-22","1","Parkgate St 113","Mon-Sat 07.00-19.00","0",NULL,NULL,NULL,"1",NULL,"Orange","-6.28989","53.348","2012-01-04 16:14:23","2012-01-04 16:14:23"
"158","798","Ranelagh Avenue","6","16 P n D / DP","At Number 8","2004-03-15","2.4","Ranelagh Rd 431","Mon-Sun 07.00-24.00","0",NULL,NULL,NULL,"0",NULL,"Red","-6.25481","53.3255","2012-01-04 16:14:23","2012-01-04 16:14:23"
"159","802","Bond Street","8","12 P n D / DP","Junction Of Robert Street South",NULL,"1.6","Grand Canal Place 8","Mon-Sat 07.00-19.00","0",NULL,NULL,NULL,"1",NULL,"Green","-6.28644","53.3408","2012-01-04 16:14:23","2012-01-04 16:14:23"
"160","805","Fitzwilliam Street (Ringsend)","4","6 P n D / DP","Behind Library",NULL,"0.6","Thorncastle St 806","Mon-Sat 07.00-19.00","0",NULL,NULL,NULL,"0",NULL,"Blue","-6.22657","53.3413","2012-01-04 16:14:23","2012-01-04 16:14:23"
"161","806","Thorncastle Street","4","30 P n D / DP","Outside Shops",NULL,"1","Fitzwilliam St 805","Mon-Sat 07.00-19.00","0",NULL,NULL,NULL,"0",NULL,"Orange","-6.22771","53.3424","2012-01-04 16:14:23","2012-01-04 16:14:23"
"162","808","Cork Street","8","76 P n D / DP (Total)","Opposite Donnelly Centre",NULL,"1.6","None Nearby","Mon-Sat 07.00-19.00","0",NULL,NULL,NULL,"0",NULL,"Green","-6.28102","53.3384","2012-01-04 16:14:23","2012-01-04 16:14:23"
"163","809","Blackhall Place","7","5 P n D / DP (Total)","At Number 28",NULL,"2.4","Blackhall Place 746","Mon-Sat 07.00-19.00","0",NULL,NULL,NULL,"0",NULL,"Red","-6.28175","53.3493","2012-01-04 16:14:23","2012-01-04 16:14:23"
"164","810","Kilmore Road","5","14 P n D / DP","At Number 16",NULL,"0.6","None Nearby","Mon-Sat 07.00-19.00","0",NULL,NULL,NULL,"0",NULL,"Blue","-6.21121","53.3807","2012-01-04 16:14:23","2012-01-04 16:14:23"
"165","811","Kilmainham Lane","8","5 P n D / DP","Between 4  n  5",NULL,"1","Inchicore Rd 754","Mon-Fri 07.00-19.00","0",NULL,NULL,NULL,"1",NULL,"Orange","-6.30699","53.3418","2012-01-04 16:14:23","2012-01-04 16:14:23"
"166","812","Cowper Road","6","46 P n D / DP","At Number 61",NULL,"1","None Nearby","Mon-Fri 07.00-19.00","0",NULL,NULL,NULL,"0",NULL,"Orange","-6.26206","53.3157","2012-01-04 16:14:23","2012-01-04 16:14:23"
"167","813","Tower Avenue","6","13 P n D / DP","At Number 13",NULL,"1","Brighton Road 735","Mon-Sat 07.00-24.00","0",NULL,NULL,NULL,"0",NULL,"Orange","-6.27928","53.3125","2012-01-04 16:14:23","2012-01-04 16:14:23"
"168","823","Greenfield Park","6","25 P n D","At No. 14",NULL,"1","Nutley Park 794","Mon-Fri 07.00-19.00","0",NULL,NULL,NULL,"1",NULL,"Orange","-6.22484","53.3127","2012-01-04 16:14:23","2012-01-04 16:14:23"
"169","824","Armstrong Street","6","14 P n D / DP","At Number 1",NULL,"1.6","None Nearby","Mon-Fri 07.00-19.00","0",NULL,NULL,NULL,"0",NULL,"Green","-6.27586","53.3289","2012-01-04 16:14:23","2012-01-04 16:14:23"
"170","826","The Belfry (Inchicore)","8","20 P n D / DP","Junction Of Inchicore Road",NULL,"1","None Nearby","Mon-Sat 07.00-19.00","0",NULL,NULL,NULL,"0",NULL,"Orange","-6.31536","53.3421","2012-01-04 16:14:23","2012-01-04 16:14:23"
"171","827","Ard Rí Road","7","58 P n D / DP","Junction Of Arbour Hill / Side of Number 29",NULL,"1.6","Viking Place 153","Mon-Fri 07.00-19.00","0",NULL,NULL,NULL,"0",NULL,"Green","-6.28486","53.3498","2012-01-04 16:14:23","2012-01-04 16:14:23"
"172","830","Grangegorman Upper","7","60 P n D / DP","Opposite Entrance To St. Brendan's Hospital",NULL,"2.4","None Nearby","Mon-Sat 07.00-19.00","0",NULL,NULL,NULL,"0",NULL,"Red","-6.27838","53.3548","2012-01-04 16:14:23","2012-01-04 16:14:23"
"173","831","Griffith Avenue","9","75 P n D / DP","At The School / Opposite Number 31",NULL,"1","None Nearby","Mon-Fri 12.00-17.00","1",NULL,NULL,NULL,"0",NULL,"Orange","-6.23247","53.3703","2012-01-04 16:14:23","2012-01-04 16:14:23"
"174","832","Clontarf Road","3","29 P n D / DP (Total)","Near Hollybrook Road","2005-07-02","1","Hollybrook Road 533","Mon-Sat 07.00-16.00","1","16.00-19.00",NULL,NULL,"0",NULL,"Orange","-6.21822","53.3627","2012-01-04 16:14:23","2012-01-04 16:14:23"
"175","833","Raheny Road","5","10 P n D / DP","Opposite Number 180","2005-08-09","1","None Nearby","Mon-Fri 08.00-18.30","0",NULL,NULL,NULL,"0",NULL,"Orange","-6.17632","53.3835","2012-01-04 16:14:23","2012-01-04 16:14:23"
"176","834","Fairfield Park","6","30 P n D / DP","Jct Highfield Road","2005-08-22","1","None Nearby","Mon-Sun 07.00-24.00","0",NULL,NULL,NULL,"0",NULL,"Orange","-6.27117","53.3127","2012-01-04 16:14:23","2012-01-04 16:14:23"
"177","835","Dolphin Avenue","8","34 P n D / DP","Junction of SCR","2005-10-04","1","St Anne's Road South 568","Mon-Sat 07.00-24.00","0",NULL,NULL,NULL,"0",NULL,"Orange","-6.28749","53.3322","2012-01-04 16:14:23","2012-01-04 16:14:23"
"178","842","Airfield Park","4","37 P n D / DP","Junction Of Stillorgan Road / At Number 1","2006-02-03","1","None Nearby","Mon-Fri 07.00-19.00","0",NULL,NULL,NULL,"0",NULL,"Orange","-6.22656","53.3147","2012-01-04 16:14:23","2012-01-04 16:14:23"
"179","843","St. John's Road East","4","63 P n D / DP","Opposite Strand House / Junction Of Strand Mews","2006-02-03","1","None Nearby","Mon-Sun 07.00-24.00","0",NULL,NULL,"Orange Zone 1.00","0",NULL,"Orange","-6.20786","53.3249","2012-01-04 16:14:23","2012-01-04 16:14:23"
"180","844","Phibsborough Road","7","43 P n D / DP","McGowan's Pub",NULL,"2.4","None Nearby","Mon-Sat 07.00-19.00","0",NULL,NULL,NULL,"0",NULL,"Red","-6.27373","53.3561","2012-01-04 16:14:23","2012-01-04 16:14:23"
"181","845","Serpentine Avenue","4","60 P n D / DP (Total)","At Pembroke Wanderer's Hockey Club Entrance",NULL,"2.4","Serpentine Ave 391","Mon-Sun 07.00-24.00","0",NULL,NULL,NULL,"0",NULL,"Red","-6.22507","53.3294","2012-01-04 16:14:23","2012-01-04 16:14:23"
"182","846","Merton Drive","6","44 P n D / DP","At Number 20",NULL,"1.6","Cowper Rd E 829","Mon-Sun 07.00-19.00","0",NULL,NULL,NULL,"1",NULL,"Green","-6.25392","53.3147","2012-01-04 16:14:23","2012-01-04 16:14:23"
"183","849","Arranmore Avenue","7","13 P n D","Junction N.C.R",NULL,"1.6","221 Goldsmith Street","Mon-Sun 07.00-24.00","0",NULL,NULL,NULL,"0",NULL,"Green","-6.27018","53.3608","2012-01-04 16:14:23","2012-01-04 16:14:23"
"184","850","Glenarm Avenue","9","34 P n D / DP","Opposite Jct Hollybank Road",NULL,"1.6","None Nearby","Mon-Sun 07.00-24.00","0",NULL,NULL,NULL,"0",NULL,"Green","-6.25694","53.3669","2012-01-04 16:14:23","2012-01-04 16:14:23"
"185","851","Neville Road","6","73 P n D / DP","Side of No. 74 Highfield Road",NULL,"1","None Nearby","Mon-Fri  07.00-19.00","0",NULL,NULL,NULL,"0",NULL,"Orange","-6.2674","53.3134","2012-01-04 16:14:23","2012-01-04 16:14:23"
"186","852","Tritonville Road","4","16 P n D / DP","Outside No. 16",NULL,"1","None Nearby","Mon-Fri  07.00-19.00","0",NULL,NULL,NULL,"0",NULL,"Orange","-6.22217","53.3374","2012-01-04 16:14:23","2012-01-04 16:14:23"
"187","853","Mill Street","8",NULL,"Opposite The Mill",NULL,"2.4","None Nearby","Mon-Sat 07.00-19.00","0",NULL,NULL,NULL,"1",NULL,"Red","-6.27588","53.3371","2012-01-04 16:14:23","2012-01-04 16:14:23"
"188","854","Sir John Rogerson's Quay","2","102 P n D / DP (Total)","At No. 43-49",NULL,"1.6","Sir John Rogerson's Quay 855","Mon-Sat 07.00-19.00","0",NULL,NULL,NULL,"0",NULL,"Green","-6.23939","53.346","2012-01-04 16:14:23","2012-01-04 16:14:23"
"189","855","Sir John Rogerson's Quay","2","102 P n D / DP (Total)","At Dublin Docksides",NULL,"1.6","Sir John Rogerson's Quay 854","Mon-Sat 07.00-19.00","0",NULL,NULL,NULL,"0",NULL,"Green","-6.2363","53.3458","2012-01-04 16:14:23","2012-01-04 16:14:23"
"190","856","Castleforbes Road","1",NULL,"Junction Mayor Street Upper",NULL,"1.6","North Wall Quay 474","Mon-Fri 07.00-19.00","0",NULL,NULL,NULL,"0",NULL,"Green","-6.23191","53.3484","2012-01-04 16:14:23","2012-01-04 16:14:23"
"191","858","Newbridge Avenue","4",NULL,"O/s 11-13 Newbridge Avenue","2007-03-14","1","None Nearby","Mon-Fri 07.00-19.00","0",NULL,NULL,NULL,"1",NULL,"Orange","-6.2236","53.3354","2012-01-04 16:14:23","2012-01-04 16:14:23"
"192","859","North Circular Road","7","7 P n D / DP","Entrance A  n  E",NULL,"2.4","Glengarriff Parade","Mon-Sat 07.00-16.00","1","Bus Lane",NULL,NULL,"1",NULL,"Orange","-6.26642","53.3603","2012-01-04 16:14:23","2012-01-04 16:14:23"
"193","860","Ailesbury Gardens","4","50 P n D / DP","At the side of 39 St. Alban's Park",NULL,"1","None Nearby","Mon-Fri 07.00-19.00","0",NULL,NULL,NULL,"1",NULL,"Orange","-6.20923","53.3195","2012-01-04 16:14:23","2012-01-04 16:14:23"
"194","861","Sandymount Castle Road","4","20 P n D / DP","Gilford Road Junction",NULL,"1","6 In Sandymount Village","Mon-Sat 07.00-19.00","0",NULL,NULL,NULL,"1",NULL,"Orange","-6.21559","53.3309","2012-01-04 16:14:23","2012-01-04 16:14:23"
"195","862","Temple Road","6","160 P n D / DP","Opposite No. 13 / At Junction With Orchard Road South",NULL,"1","None Nearby","Mon-Sat 07.00-13.00","0",NULL,NULL,NULL,"1",NULL,"Orange","-6.25742","53.3111","2012-01-04 16:14:23","2012-01-04 16:14:23"
"196","865","Milltown Road","6","5 P n D","At lamp standard 22A",NULL,"1.6","None Nearby","Mon-Sat 07.00-19.00","0",NULL,NULL,NULL,"1",NULL,"Green","-6.2469","53.3132","2012-01-04 16:14:23","2012-01-04 16:14:23"
"197","866","Cullenswood Gardens","6","5 P n D / DP","Junction of Merton Drive",NULL,"1.6","None Nearby","Mon-Fri 07.00-19.00","0",NULL,NULL,NULL,"1",NULL,"Green","-6.24916","53.3207","2012-01-04 16:14:23","2012-01-04 16:14:23"
"198","867","Ailesbury Park","4","72 P n D / DP","Opp LS 8",NULL,"1.6","4 On Ailesbury Rd","Mon-Fri 08.00-19.00","0",NULL,NULL,NULL,"1",NULL,"Green","-6.21205","53.3205","2012-01-04 16:14:23","2012-01-04 16:14:23"
"199","868","Valentia Parade","7","30 P n D / DP","Innisfallen Parade Jxn / Side of No. 24",NULL,"1.6","Innisfallen Parade 423","Mon-Fri 08.00-18.30","0",NULL,NULL,NULL,"0",NULL,"Green","-6.2628","53.361","2012-01-04 16:14:23","2012-01-04 16:14:23"
"200","871","Fingal Place","7","20 P n D / DP","At No. 3",NULL,"1.6","Prussia St 25","Mon-Sun 07.00-24.00","0",NULL,NULL,NULL,"1",NULL,"Green","-6.28563","53.3542","2012-01-04 16:14:23","2012-01-04 16:14:23"
"201","875","New Street South","8",NULL,"Opposite Number 12",NULL,"2.4","None Nearby","Mon-Sat 07.00-19.00","0",NULL,NULL,NULL,"0",NULL,"Red","-6.27263","53.3377","2012-01-04 16:14:23","2012-01-04 16:14:23"
"202","878","Farney Park","4","52 P n D","Opposite Glenesk Court",NULL,"1","Claremont Road 816","Mon-Fri 07.00-19.00","0",NULL,NULL,NULL,"0",NULL,"Orange","-6.22055","53.3319","2012-01-04 16:14:23","2012-01-04 16:14:23"
"203","882","Mountpleasant Avenue Upper","6","24 P n D / DP","At No. 8",NULL,"2.4","Gulistan Tce 725","Mon-Sun 07.00-24.00","0",NULL,NULL,NULL,"0",NULL,"Red","-6.26077","53.3259","2012-01-04 16:14:23","2012-01-04 16:14:23"
"204","884","Wellington Street Lower","7","22 P n D / DP","Opposite No. 3",NULL,"2.4","Dorset St Lower 874 (€2.50)","Mon-Sun 07.00-24.00","0",NULL,NULL,NULL,"0",NULL,"Red","-6.26617","53.3556","2012-01-04 16:14:23","2012-01-04 16:14:23"
"205","886","Fairfield Road","9","49 P n D / DP","Junction of Daneswell Road",NULL,"1.6","None Nearby","Mon-Fri 07.00-19.00","0",NULL,NULL,NULL,"0",NULL,"Green","-6.26718","53.3701","2012-01-04 16:14:23","2012-01-04 16:14:23"
"206","887","Reuben Street","8","73 P n D / DP","Opposite No. 38",NULL,"1","None Nearby","Mon-Fri 07.00-19.00","0",NULL,NULL,NULL,"0",NULL,"Orange","-6.29161","53.3355","2012-01-04 16:14:23","2012-01-04 16:14:23"
"207","889","St. Brigid's Road Upper","9","41 P n D / DP","At number 1",NULL,"1.6","St. Alphonsus' Road 452","Mon-Sun 07.00-24.00","0",NULL,NULL,NULL,"0",NULL,"Green","-6.2611","53.3648","2012-01-04 16:14:23","2012-01-04 16:14:23"
"208","890","Clyde Road","4","22 P n D / DP (Total)","At Number 22",NULL,"2.9","3 On Clyde Rd","Mon-Fri  10.00-18.00","0",NULL,NULL,NULL,"0",NULL,"Yellow","-6.23903","53.3287","2012-01-04 16:14:23","2012-01-04 16:14:23"
"209","892","Herbert Road","4","74 P n D / DP","Opposite Lansdowne Square Entrance",NULL,"2.4","None Nearby","Mon-Sat 07.00-19.00","0",NULL,NULL,NULL,"1",NULL,"Red","-6.2235","53.3332","2012-01-04 16:14:23","2012-01-04 16:14:23"
"210","893","Darley Street","6","25 P n D","Opposite No. 19",NULL,"1.6","Armstrong Street 824","Mon-Fri 07.00-19.00","0",NULL,NULL,NULL,"1",NULL,"Green","-6.27449","53.3278","2012-01-04 16:14:23","2012-01-04 16:14:23"
"211","894","Ivar Street","7","42 P n D","Opposite No. 16",NULL,"1.6","Manor Place 870","Mon-Fri 07.00-19.00","0",NULL,NULL,NULL,"1",NULL,"Green","-6.28626","53.352","2012-01-04 16:14:23","2012-01-04 16:14:23"
"212","895","Dufferin Street","8","87 P n D","side wall of no.1",NULL,"1.6","Washington Street 38","Mon-Fri 08.00-18.30","0",NULL,NULL,NULL,"1",NULL,"Green","-6.28154","53.3315","2012-01-04 16:14:23","2012-01-04 16:14:23"
"213","896","Sunbury Gardens",NULL,NULL,NULL,NULL,"1",NULL,"Mon-Sun 07.00-24.00","0",NULL,NULL,NULL,"0",NULL,"Orange","-6.26298","53.3123","2012-01-04 16:14:23","2012-01-04 16:14:23"
"214","897","Holyrood Park","2","29 P n D/DP","At Dart Station",NULL,"1","None","Mon-Fri 07.00-19.00","0",NULL,NULL,NULL,"1",NULL,"Orange","-6.22181","53.3287","2012-01-04 16:14:23","2012-01-04 16:14:23"
"215","898","Clontarf Street","3","25 P n D","At No. 186",NULL,"1","Clontarf Road","Mon-Sat 07.00-19.00","0",NULL,NULL,NULL,"1",NULL,"Orange","-6.1972","53.3594","2012-01-04 16:14:23","2012-01-04 16:14:23"
"216","899","Dodderview Cottages","4","28 P n D","Opposite No. 37",NULL,"2.4","Shelbourne Road 658","Mon-Fri  08.00-18.30","0",NULL,NULL,NULL,"1",NULL,"Red","-6.23055","53.3305","2012-01-04 16:14:23","2012-01-04 16:14:23"
"217","900","Mount Joy Street",NULL,NULL,NULL,NULL,"2.4",NULL,"Mon-Sun 07.00-24.00","0",NULL,NULL,NULL,"0",NULL,"Red","-6.26922","53.3545","2012-01-04 16:14:23","2012-01-04 16:14:23"
"218","901","Kilmainham Lane","8","43 P n D","At Royal Oak",NULL,"1","Kilmainham Lane","Mon-Fri  07.00-19.00","0",NULL,NULL,NULL,"1",NULL,"Orange","-6.30379","53.3417","2012-01-04 16:14:23","2012-01-04 16:14:23"
"219","902","Harold's Cross Cottages","6","11 P n D","Opposite No. 16",NULL,"1.6","Greenmount Lane 47","Mon-Fri  07.00-19.00","0",NULL,NULL,NULL,"1",NULL,"Green","-6.28487","53.3291","2012-01-04 16:14:23","2012-01-04 16:14:23"
"220","903","Park Drive","1",NULL,NULL,NULL,"1.6",NULL,"Mon-Fri  07.00-19.00","0",NULL,NULL,NULL,"0",NULL,"Green","-6.25129","53.317","2012-01-04 16:14:23","2012-01-04 16:14:23"
"221","904","Ashdale Road","1","25 spaces","Ashdale Road",NULL,"1.6","Eaton Square 891","Mon-Fri  07.00-19.00","0",NULL,NULL,NULL,"1",NULL,"Orange","-6.28546","53.3143","2012-01-04 16:14:23","2012-01-04 16:14:23"
"222","905","Ring Terrace",NULL,NULL,NULL,NULL,"1",NULL,"Mon-Sat 07.00-19.00","0",NULL,NULL,NULL,"0",NULL,"Orange","-6.32672","53.3359","2012-01-04 16:14:23","2012-01-04 16:14:23"
"223","906","Reuben Avenue",NULL,NULL,NULL,NULL,"1",NULL,"Mon-Fri  07.00-19.00","0",NULL,NULL,NULL,"0",NULL,"Orange","-6.2923","53.3355","2012-01-04 16:14:23","2012-01-04 16:14:23"
"224","907","Wilfield Park","4","47 P n D","Opposite Foxfield House",NULL,"1","Sandymount Avenue 76","Mon-Sat 07.00-19.00","0",NULL,NULL,NULL,"1",NULL,"Orange","-6.21904","53.3283","2012-01-04 16:14:23","2012-01-04 16:14:23"
"225","908","Casimir Road","6","74 P n D","At No. 59",NULL,"1.6","Harold's Cross Road 726","Mon-Sun 07.00-24.00","0",NULL,NULL,NULL,"1",NULL,"Green","-6.28276","53.3217","2012-01-04 16:14:23","2012-01-04 16:14:23"
"226","909","Charleston Avenue","6","41 P n D","At Trinity House",NULL,"1.6","Mount Pleasant Avenue 582","Mon-Fri 07.00-19.00","0",NULL,NULL,NULL,"1",NULL,"Green","-6.25875","53.3235","2012-01-04 16:14:23","2012-01-04 16:14:23"
"227","911","Claude Road","9","46 P n D/DP","At side of house no. 49A",NULL,"1.6","None","Mon-Sun 07.00-24.00","0",NULL,NULL,NULL,"1",NULL,"Green","-6.26575","53.3635","2012-01-04 16:14:23","2012-01-04 16:14:23"
"228","912","Merton Ave","8","38 P n D","Opp. No. 4","2008-02-20","1.6","None nearby","Mon-Sat 07.00-24.00","0",NULL,NULL,NULL,"1",NULL,"Green","-6.2818","53.333","2012-01-04 16:14:23","2012-01-04 16:14:23"
"229","913","Thomas Davis St. West",NULL,"42 P n D","At No. 28",NULL,"1","Emmet Road 109","Mon-Sat 07.00-24.00","0",NULL,NULL,NULL,"1",NULL,"Orange","-6.31916","53.3384","2012-01-04 16:14:23","2012-01-04 16:14:23"
"230","914","Camac Court",NULL,"13 P n D","At junction Inchicore Road",NULL,"1","Inchicore Road 756","Mon-Fri 07.00-19.00","0",NULL,NULL,NULL,"1",NULL,"Orange","-6.31563","53.3419","2012-01-04 16:14:23","2012-01-04 16:14:23"
"231","915","St Columba's Road Lower",NULL,NULL,"Opposite No. 18",NULL,"1.6",NULL,"Mon-Fri 07.00-19.00","0",NULL,NULL,NULL,"1",NULL,"Green","-6.26326","53.3637","2012-01-04 16:14:23","2012-01-04 16:14:23"
"232","916","Wellington Street Upper",NULL,NULL,NULL,NULL,"2.4",NULL,"Mon-Fri 07.00-19.00","0",NULL,NULL,NULL,"0",NULL,"Red","-6.27036","53.3549","2012-01-04 16:14:23","2012-01-04 16:14:23"
"233","917","Wilfrid Road",NULL,"24 P n D","Outside No. 1",NULL,"1.6","Tivoli Avenue 793","Mon-Sun 07.00-24.00","0",NULL,NULL,NULL,"1",NULL,"Green","-6.28117","53.3199","2012-01-04 16:14:23","2012-01-04 16:14:23"
"234","918","Villiers Road",NULL,"55 P n D","Opposite No.25",NULL,"1","Vernon Grove 822","Mon-Sun 07.00-24.00","0",NULL,NULL,NULL,"1",NULL,"Orange","-6.2658","53.3137","2012-01-04 16:14:23","2012-01-04 16:14:23"
"235","919","St Annes Road","9","62 P n D","Junction St Patricks Road",NULL,"1.6","On Street","Mon-Sun 07.00-24.00","0",NULL,NULL,NULL,"1",NULL,"Green","-6.26081","53.3632","2012-01-04 16:14:23","2012-01-04 16:14:23"
"236","920","Ashfield Park",NULL,NULL,"Junction Mount Tallant Avenue",NULL,"1","Ashdale Road","Mon-Sat 07.00-24.00","0",NULL,NULL,NULL,"1",NULL,"Orange","-6.28317","53.3157","2012-01-04 16:14:23","2012-01-04 16:14:23"
"237","921","Iona Road",NULL,"156 P n D","Junction Hollybank Road",NULL,"1.6","On Street","Mon-Sun 07.00-24.00","0",NULL,NULL,NULL,"1",NULL,"Green","-6.26076","53.3676","2012-01-04 16:14:23","2012-01-04 16:14:23"
"238","922","Hollybank Road",NULL,"156 P n D","At No. 57",NULL,"1.6","On Street","Mon-Sun 07.00-24.00","0",NULL,NULL,NULL,"1",NULL,"Green","-6.25909","53.3675","2012-01-04 16:14:23","2012-01-04 16:14:23"
"239","923","Hollybank Road",NULL,"156 P n D","At No. 1",NULL,"1.6","On Street","Mon-Sun 07.00-24.00","0",NULL,NULL,NULL,"1",NULL,"Green","-6.25645","53.367","2012-01-04 16:14:23","2012-01-04 16:14:23"
"240","924","Harold Road","2",NULL,"At No.33","2008-04-21","1.6","Ivar Street","Mon-Fri  07.00-19.00","0",NULL,NULL,NULL,"1",NULL,"Green","-6.28805","53.3526","2012-01-04 16:14:23","2012-01-04 16:14:23"
"241","925","Avondale Avenue","7",NULL,"Opposite No. 24",NULL,"2.4","NCR (No. 59)","Mon-Fri 07.00-19.00","0",NULL,NULL,NULL,"1",NULL,"Red","-6.27629","53.3598","2012-01-04 16:14:23","2012-01-04 16:14:23"
"242","926","Milltown Road","6",NULL,"Car Park Bring Centre",NULL,"1","N/A","Mon-Fri 11.00-16.00","0",NULL,NULL,NULL,"1",NULL,"Orange","-6.24705","53.312","2012-01-04 16:14:23","2012-01-04 16:14:23"
"243","927","Synnot Row",NULL,"29 P n D","Opp. No. 24",NULL,"1.6","Valentia Parade","Mon-Sun 07.00-24.00","0",NULL,NULL,NULL,"1",NULL,"Green","-6.26235","53.361","2012-01-04 16:14:23","2012-01-04 16:14:23"
"244","928","Sherrard Avenue",NULL,"24 P n D","Opposite No. 19",NULL,"1.6","North Circular Road","Mon-Fri 07.00-19.00","0",NULL,NULL,NULL,"1",NULL,"Green","-6.25816","53.3602","2012-01-04 16:14:23","2012-01-04 16:14:23"
"245","929","Belvidere Place",NULL,NULL,"Opposite No. 5",NULL,"2.4","Sherrard Street","Mon-Sun 07.00-24.00","0",NULL,NULL,NULL,"1",NULL,"Red","-6.25753","53.3579","2012-01-04 16:14:23","2012-01-04 16:14:23"
"246","930","Grattan Court East",NULL,NULL,"Jct Mount Street Lower",NULL,"2.9","Mount Street Lower","Mon-Sat 07.00-19.00","0",NULL,NULL,NULL,"1",NULL,"Yellow","-6.24333","53.3386","2012-01-04 16:14:23","2012-01-04 16:14:23"
"247","931","Carlisle Avenue","4","30 P n D","At No. 1",NULL,"2.4","Marlboro Road","Mon-Sat 07.00-19.00","0",NULL,NULL,NULL,"1",NULL,"Red","-6.24477","53.3237","2012-01-04 16:14:23","2012-01-04 16:14:23"
"248","932","Daniel Street",NULL,"53 P n D","Opposite No. 5",NULL,"2.4","Clanbrasil Street Lower","Mon-Fri 07.00-19.00","0",NULL,NULL,NULL,"0",NULL,"Red","-6.27328","53.335","2012-01-04 16:14:23","2012-01-04 16:14:23"
"249","933","Sandford Avenue",NULL,NULL,"No 21","2008-12-15","1.6","Sandford Gardens","Mon-Sun 07.00-24.00","0",NULL,NULL,NULL,"0",NULL,"Green","-6.28238","53.3334","2012-01-04 16:14:23","2012-01-04 16:14:23"
"250","934","Shangan Ave",NULL,NULL,"Opposite Centra","2008-12-15","1","none nearby","Mon-Sat 07.00-24.00","0",NULL,NULL,NULL,"0","I Hour limit","Orange","-6.25639","53.3936","2012-01-04 16:14:23","2012-01-04 16:14:23"
"251","935","Hollybank Avenue",NULL,"87 P n D","Junct. Sandford Avenue","2009-01-12","1.6","None nearby","Mon-Fri  07.00-19.00","0",NULL,NULL,NULL,"0",NULL,"Green","-6.24568","53.3209","2012-01-04 16:14:23","2012-01-04 16:14:23"
"252","936","Cherryfield Avenue",NULL,"82 P n D","Opposite no.1","2009-01-12","1.6","None nearby","Mon-Fri  07.00-19.00","0",NULL,NULL,NULL,"0",NULL,"Green","-6.24553","53.3202","2012-01-04 16:14:23","2012-01-04 16:14:23"
"253","937","Norwood Park",NULL,"16 P n D","Junct. Sandford Road","2009-01-12","1.6","None nearby","Mon-Sun 07.00-24.00","0",NULL,NULL,NULL,"0",NULL,"Green","-6.24399","53.3198","2012-01-04 16:14:23","2012-01-04 16:14:23"
"254","938","Martins Row","2","10","At Pharmacy","2009-04-01","1","None","Mon-Sat 07.00-19.00","0",NULL,NULL,NULL,"0",NULL,"Orange","-6.34458","53.3493","2012-01-04 16:14:23","2012-01-04 16:14:23"
"255","939","Kenilworth Park",NULL,NULL,"O/s No. 14",NULL,"1","none","Mon-Sun 07.00-24.00","0",NULL,NULL,NULL,"0",NULL,"Orange","-6.28039","53.3189","2012-01-04 16:14:23","2012-01-04 16:14:23"
"256","942","Wigan Road",NULL,NULL,"Junction Whitworth Road",NULL,"1.6","David Road","Mon-Sun 07.00-24.00","0",NULL,NULL,NULL,"0",NULL,"Green","-6.26724","53.3636","2012-01-04 16:14:23","2012-01-04 16:14:23"
"257","943","Charleville Road",NULL,"57","O/s No. 20",NULL,"1.6","545 Cabra Road","Mon-Fri 07.00-19.00","0",NULL,NULL,NULL,"0",NULL,"Green","-6.28268","53.3603","2012-01-04 16:14:23","2012-01-04 16:14:23"
"258","944","Dargle Road",NULL,"105","O/S No. 1A",NULL,"1.6","Glenarm Avenue 946","Mon-Sun 07.00-24.00","0",NULL,NULL,NULL,"0",NULL,"Green","-6.25734","53.3658","2012-01-04 16:14:23","2012-01-04 16:14:23"
"259","945","Crawford Avenue","9",NULL,"Opp. No. 28",NULL,"1.6","None Nearby","Mon-Fri 07.00-19.00","0",NULL,NULL,NULL,"0",NULL,"Green","-6.26248","53.367","2012-01-04 16:14:23","2012-01-04 16:14:23"
"260","947","Sandymount Road",NULL,NULL,"O/s Church at Leahy's Terrace",NULL,"1.6",NULL,"Mon-Fri 07.00-19.00","0",NULL,NULL,NULL,"0",NULL,"Orange","-6.22009","53.3358","2012-01-04 16:14:23","2012-01-04 16:14:23"
"261","948","Chelmsford Ave",NULL,"20",NULL,"2009-06-12",NULL,NULL,"Mon-Sat07.00-24.00","0",NULL,NULL,NULL,"0",NULL,"Red","-6.25186","53.3259","2012-01-04 16:14:23","2012-01-04 16:14:23"
"262","949","Hanover Quay","2","22 P n D / DP","Opposite Boat House 9",NULL,"1.6","None Nearby","Mon-Sat 07.00-19.00","0",NULL,NULL,NULL,"0",NULL,"Orange","-6.23639","53.3441","2012-01-04 16:14:23","2012-01-04 16:14:23"
"263","950","Benson Street",NULL,NULL,"opp Fitsimons-Business Centre",NULL,"1.6","951 at junction of Green Street East","Mon-Fri. 08.00-18.00","0",NULL,NULL,NULL,"0",NULL,"Green","-6.23353","53.344","2012-01-04 16:14:23","2012-01-04 16:14:23"
"264","951","Benson Street",NULL,NULL,"junction of Green Street East",NULL,"1.6","950 at Fitsimons Business Centre","Mon-Fri. 08.00-18.00","0",NULL,NULL,NULL,"0",NULL,"Green","-6.23321","53.3444","2012-01-04 16:14:23","2012-01-04 16:14:23"
"265","952","Lombard Street West",NULL,NULL,"opp. No.38",NULL,"2.4",NULL,"Mon-Fri  08.00-18.30","0",NULL,NULL,NULL,"0",NULL,"Red","-6.27402","53.334","2012-01-04 16:14:23","2012-01-04 16:14:23"
"266","953","Carlisle Street",NULL,NULL,"Junct. SCRd",NULL,"2.4","none nearby","Mon-Sun  07.00-24.00","0",NULL,NULL,NULL,"0",NULL,"Red","-6.2713","53.3325","2012-01-04 16:14:23","2012-01-04 16:14:23"
"267","954","Arnott Street",NULL,NULL,"O/S No. 5",NULL,"2.4","None Nearby","Mon-Sat  07.00-19.00","0",NULL,NULL,NULL,"0",NULL,"Red","-6.26972","53.3343","2012-01-04 16:14:23","2012-01-04 16:14:23"
"268","955","Parkview Place",NULL,NULL,"side of 14 St. Patricks Villas",NULL,"1","None nearby","Mon-Fri  .07.00-19.00","0",NULL,NULL,NULL,"0",NULL,"Red","-6.22633","53.342","2012-01-04 16:14:23","2012-01-04 16:14:23"
"269","957","Kimmage Road",NULL,"13 P/D","on inset opposite no.100A",NULL,"1.6","none nearby","Mon-Sat 07.00-19.00","0",NULL,NULL,NULL,"0",NULL,"Green","-6.28553","53.3208","2012-01-04 16:14:23","2012-01-04 16:14:23"
"270","958","Palmerston Road",NULL,"57 P n D","At side door 4B",NULL,"1","Palmerston Park 959","Mon-Fri 07.00-19.00","0",NULL,NULL,NULL,"0",NULL,"Orange","-6.25813","53.3141","2012-01-04 16:14:23","2012-01-04 16:14:23"
"271","959","Palmerston Park",NULL,"40 P n D","Junction of Palmerston Road",NULL,"1","Palmerston Rd.   958","Mon-Fri 07.00-19.00","0",NULL,NULL,NULL,"0",NULL,"Orange","-6.25837","53.3135","2012-01-04 16:14:23","2012-01-04 16:14:23"
"272","960","Richview Ave",NULL,"16 P n D","Junction Richmond Ave",NULL,"1","None nearby","Mon-Fri 07.00-19.00","0",NULL,NULL,NULL,"0",NULL,"Orange","-6.25374","53.3132","2012-01-04 16:14:23","2012-01-04 16:14:23"
"273","963","Sheriff Street",NULL,NULL,NULL,"2009-08-31","1.6",NULL,"Mon-Fri 07.00-19.00","0",NULL,"Max 2 hrs",NULL,"0","Max 2 hrs","Green","-6.23246","53.35","2012-01-04 16:14:23","2012-01-04 16:14:23"
"274","964","Sheriff Street",NULL,NULL,NULL,"2009-08-31","2.4",NULL,"Mon-Fri 07.00-19.00","0",NULL,"Max 2 hrs",NULL,"0","Max 2 hrs","Green","-6.23656","53.3504","2012-01-04 16:14:23","2012-01-04 16:14:23"
"275","965","Sheriff Street",NULL,NULL,NULL,"2009-08-31","2.4",NULL,"Mon-Fri 07.00-19.00","0",NULL,"Max 2.hrs",NULL,"0","Max 2 hrs","Green","-6.23924","53.3505","2012-01-04 16:14:23","2012-01-04 16:14:23"
"276","966","Connaght Street",NULL,NULL,NULL,"2009-08-31","1.6",NULL,"Mon-Fri 07.00-19.00","0",NULL,NULL,NULL,"0",NULL,"Green","-6.27968","53.3629","2012-01-04 16:14:23","2012-01-04 16:14:23"
"277","967","Murtagh Road",NULL,NULL,NULL,"2009-08-31","1.6",NULL,"Mon-Fri 07.00-19.00","0",NULL,NULL,NULL,"0",NULL,"Green","-6.28725","53.3514","2012-01-04 16:14:23","2012-01-04 16:14:23"
"278","968","Grangegorman Upper (Orchard Tce)",NULL,NULL,"opposite no.63","2009-08-31","1.6",NULL,"Mon-Sat 07.00-19.00","0",NULL,NULL,NULL,"0",NULL,"Green","-6.28071","53.3574","2012-01-04 16:14:23","2012-01-04 16:14:23"
"279","969","Sandymount Road",NULL,NULL,"at no. 5","2009-09-14","1","at no.67","Mon-Sat 07.00-19.00","0",NULL,NULL,NULL,"0",NULL,"Orange","-6.21938","53.3353","2012-01-04 16:14:23","2012-01-04 16:14:23"
"280","970","Sandymount Road",NULL,NULL,"at no 67","2009-09-14","1","at no. 5","Mon-Sat 07.00-19.00","0",NULL,NULL,NULL,"0",NULL,"Orange","-6.21768","53.334","2012-01-04 16:14:23","2012-01-04 16:14:23"
"281","971","Maidens Row",NULL,NULL,"Oustide Island Apartments","2009-09-21","1","None nearby","Mon-Sun 07.00-24.00","0",NULL,NULL,NULL,"0",NULL,"Orange","-6.34466","53.3486","2012-01-04 16:14:23","2012-01-04 16:14:23"
"282","972","St. Columba's Road Upper",NULL,NULL,"No. 14","2009-09-21","1.6","St. Alphonsus Road","Mon-Sun 07.00-24.00","0",NULL,NULL,NULL,"0",NULL,"Green","-6.2627","53.3649","2012-01-04 16:14:23","2012-01-04 16:14:23"
"283","973","Main St Chapelizod",NULL,NULL,"o/s Mulberry House","2009-10-16","1","On Main Street at Pharmacy","Mon-Sun 07.00-24.00","0",NULL,NULL,NULL,"0",NULL,"Orange","-6.34384","53.3492","2012-01-04 16:14:23","2012-01-04 16:14:23"
"284","975","Merlyn Rd",NULL,NULL,"Junction with Merrion Road","2009-12-11","1.6","Merlyn Park 828","Mon-Fri 07.00-19.00","0",NULL,NULL,NULL,"0",NULL,"Green","-6.21768","53.3222","2012-01-04 16:14:23","2012-01-04 16:14:23"
"285","976","Alma court",NULL,NULL,NULL,"2010-01-22","2.4",NULL,"Mon-Fri 07.00-19.00","0",NULL,NULL,NULL,"0",NULL,"Red","-6.25988","53.3259","2012-01-04 16:14:23","2012-01-04 16:14:23"
"286","977","St. Peters Close",NULL,NULL,NULL,"2010-01-22","2.4",NULL,"Mon-Fri 07.00-19.00","0",NULL,NULL,NULL,"0",NULL,"Red","-6.27213","53.3586","2012-01-04 16:14:23","2012-01-04 16:14:23"
"287","979","Sandford Gardens",NULL,NULL,NULL,"2010-02-02","1.6",NULL,"Mon-Sun 07.00-24.00","0",NULL,NULL,NULL,"0",NULL,"Green","-6.28098","53.3343","2012-01-04 16:14:23","2012-01-04 16:14:23"
"288","980","South Circular Road",NULL,NULL,NULL,"2010-02-04","1",NULL,"Mon-Fri -07.00-19.00","0",NULL,NULL,NULL,"0",NULL,"Orange","-6.30305","53.3389","2012-01-04 16:14:23","2012-01-04 16:14:23"
"289","982","Rathdown Ave",NULL,NULL,"0/s no. 16",NULL,"1","981 Rathdown Park","Mon-Sun 07.00-24.00","0",NULL,NULL,NULL,"0",NULL,"Orange","-6.29148","53.3029","2012-01-04 16:14:23","2012-01-04 16:14:23"
"290","983","Shrewsbury Park",NULL,NULL,"Junction of Merrion Road",NULL,"1.6",NULL,"Mon-Sat  07.00-19.00","0",NULL,NULL,NULL,"0",NULL,"Green","-6.22055","53.3243","2012-01-04 16:14:23","2012-01-04 16:14:23"
"291","984","Fitgerald St",NULL,NULL,"at no 16",NULL,"1.6",NULL,"Mon-Sun 07.00-19.00","0",NULL,NULL,NULL,"0",NULL,"Green","-6.274","53.3273","2012-01-04 16:14:23","2012-01-04 16:14:23"
"292","985","Wesley Place",NULL,NULL,NULL,"2010-02-26","2.4",NULL,"Mon-Sat 07.00-19.00","0",NULL,NULL,NULL,"0",NULL,"Orange","-6.2767","53.3314","2012-01-04 16:14:23","2012-01-04 16:14:23"
"293","986","Spencer St South",NULL,NULL,"Junct of St. Vincent St Sth","2010-03-05","2.4",NULL,"Mon-Sat 07.00-24.00","0",NULL,NULL,NULL,"0",NULL,"Red","-6.27359","53.3328","2012-01-04 16:14:23","2012-01-04 16:14:23"
"294","987","Grand Canal Street Upper",NULL,NULL,"Opposite Number 18","2010-03-05","2.4",NULL,"Mon-Sat 07.00-16.00","0","Evening clearway",NULL,NULL,"0",NULL,"Red","-6.23623","53.338","2012-01-04 16:14:23","2012-01-04 16:14:23"
"295","988","Glendalough Road",NULL,NULL,"side of no 7 at lane end","2010-03-12","1.6",NULL,"Mon-Sun 07.00-24.00","0",NULL,NULL,"Max stay 2 hours","0","max","Green","-6.25979","53.368","2012-01-04 16:14:23","2012-01-04 16:14:23"
"296","989","Finglas Road",NULL,NULL,"Opposite Cemetry","2010-03-12","1",NULL,"Mon-Sat 07.00-19.00","0",NULL,NULL,NULL,"0",NULL,"Green","-6.27712","53.3694","2012-01-04 16:14:23","2012-01-04 16:14:23"
"297","990","Finglas Road",NULL,NULL,"Opposite Cemetry","2010-03-12","1",NULL,"Mon-Sat 07.00-19.00","0",NULL,NULL,NULL,"0",NULL,"Green","-6.27814","53.3698","2012-01-04 16:14:23","2012-01-04 16:14:23"
"298","991","Rathmines Road Upper",NULL,NULL,"Opposite no 183","2010-03-12","1",NULL,"Mon-Sat 07.00-19.00","0",NULL,NULL,NULL,"0",NULL,"Green","-6.26472","53.3152","2012-01-04 16:14:23","2012-01-04 16:14:23"
"299","992","Sandymount Castle Drive",NULL,NULL,NULL,"2010-03-12","1",NULL,"Mon-Fri 07.00-19.00","0",NULL,NULL,NULL,"0",NULL,"Green","-6.21513","53.3301","2012-01-04 16:14:23","2012-01-04 16:14:23"
"300","993","Rathdown Road",NULL,NULL,NULL,"2010-03-18","2.4",NULL,"Mon-Fri 07.00-19.00","0",NULL,NULL,NULL,"0",NULL,"Red","-6.28039","53.3588","2012-01-04 16:14:23","2012-01-04 16:14:23"
"301","994","Rathdown Road",NULL,NULL,NULL,"2010-03-18","2.4",NULL,"Mon-Fri 07.00-19.00","0",NULL,NULL,NULL,"0",NULL,"Red","-6.27814","53.3559","2012-01-04 16:14:23","2012-01-04 16:14:23"
"302","996","Montpelier Hill",NULL,NULL,NULL,"2010-04-16","1.6","113135453","Mon-Fri 07.00-19.00","0",NULL,NULL,NULL,"0",NULL,"Green","-6.2946","53.3489","2012-01-04 16:14:23","2012-01-04 16:14:23"
"303","997","Sir John Rogerson's Quay",NULL,NULL,NULL,"2010-04-16","2.4","9066","Mon-Sat 07.00-19.00","0",NULL,NULL,NULL,"0",NULL,"Red","-6.24213","53.3462","2012-01-04 16:14:23","2012-01-04 16:14:23"
"304","998","Ostman Place",NULL,NULL,NULL,"2010-04-16","2.4",NULL,"Mon-Fri 07.00-19.00","0",NULL,NULL,NULL,"0",NULL,"red","-6.28659","53.3528","2012-01-04 16:14:23","2012-01-04 16:14:23"
"305","999","St. Agnes Road",NULL,"18 P  n  D","Centra Car Park","2010-04-23","1","1000  Lisle Road","Mon-Sat 07.00-19.00","0",NULL,NULL,NULL,"0",NULL,"Orange","-6.31795","53.3211","2012-01-04 16:14:23","2012-01-04 16:14:23"
"306","1000","Lisle Road",NULL,"9","outside Cosgrove Butchers","2010-04-23","1","999 or 1001 both on St Agnes Road","Mon-Sat 07.00-19.00","0",NULL,NULL,NULL,"0",NULL,"Orange","-6.31709","53.3204","2012-01-04 16:14:23","2012-01-04 16:14:23"
"307","1001","St Agnes Road",NULL,"7","Outside Tesco Express","2010-04-23","1","1000 Lisle Rd or 999 St. Agnes Rd","Mon-Sat 07.00-19.00","0",NULL,NULL,NULL,"0",NULL,"Orange","-6.31623","53.3202","2012-01-04 16:14:23","2012-01-04 16:14:23"
"308","1003","North Wall Quay",NULL,"16","Pole 26.Junc.with Castleforbes Rd","2010-05-02","1.6",NULL,"Mon-Sat0.700-19.00","0",NULL,NULL,NULL,"0",NULL,"Green","-6.23418","53.3472","2012-01-04 16:14:23","2012-01-04 16:14:23"
"309","1004","Rathgar Avenue",NULL,"20","O/S Auto factors","2010-05-28","1","1005 same street","Mon-Fri 07.00-16.00","1","Evening clearway",NULL,NULL,"0",NULL,"Orange","-6.27493","53.3129","2012-01-04 16:14:23","2012-01-04 16:14:23"
"310","1005","Rathgar Avenue",NULL,"20","O/S No. 7","2010-05-28","1","1004 same street","Mon-Fri 10.00-19.00","1","Moringin clearway",NULL,NULL,"0",NULL,"Orange","-6.27521","53.313","2012-01-04 16:14:23","2012-01-04 16:14:23"
"311","1006","Botanic Ave",NULL,"45 + 2 disabled","0/s no.88","2010-07-09","1.6",NULL,"Mon-Sun 07.00-24.00","0",NULL,NULL,NULL,"0",NULL,"Green","-6.26061","53.3685","2012-01-04 16:14:23","2012-01-04 16:14:23"
"312","1007","Inchicore Road",NULL,"33","Outside no 117","2010-07-23","1",NULL,"Mon-Sat 07.00-19.00","0",NULL,NULL,NULL,"0",NULL,"Blue","-6.31681","53.3418","2012-01-04 16:14:23","2012-01-04 16:14:23"
"313","1008","Clontarf Road Car Park",NULL,NULL,NULL,"2010-02-26","0.6","Opposite Bus Garage","Mon-Fri  08.00-18.00","0",NULL,NULL,"replaced met.9104  26/07/2010","0",NULL,"Blue","-6.19129","53.3582","2012-01-04 16:14:23","2012-01-04 16:14:23"
"314","1009","Addison Road",NULL,"60 P n D  n  Permit",NULL,"2010-08-26","1",NULL,"Mon-Sun 07.00-24.00","0",NULL,NULL,NULL,"0",NULL,"Blue","-6.23829","53.3573","2012-01-04 16:14:23","2012-01-04 16:14:23"
"315","1010","Summer St. North",NULL,"54 P n D  n  Permit",NULL,NULL,"2.4",NULL,"Mon-Sun 07.00-24.00","0",NULL,NULL,NULL,"0",NULL,"Red","-6.25116","53.3621","2012-01-04 16:14:23","2012-01-04 16:14:23"
"316","1011","St. Albans Park",NULL,"70 P  n  D (Total)",NULL,"2010-10-11","1",NULL,"Mon-Fri  07.00-19.00","0",NULL,NULL,NULL,"0",NULL,"Orange","-6.2084","53.3568","2012-01-04 16:14:23","2012-01-04 16:14:23"
"317","1013","St Albans Park",NULL,"70 P  n  D total","No. 86","2010-10-11","1","1011 St. Albans Park","Mon-Fri 07.00-19.00","0",NULL,NULL,NULL,"0",NULL,"Orange","-6.20773","53.3198","2012-01-04 16:14:23","2012-01-04 16:14:23"
"319","1016","Oxmantown Road",NULL,"180",NULL,"2011-01-24","1.6",NULL,"Mon-Fri  07.00-19.00","0",NULL,NULL,NULL,"0",NULL,"Green","-6.29297","53.3545","2012-01-04 16:14:23","2012-01-04 16:14:23"
"320","1017","Cowper Street/Oxmantown Rd",NULL,NULL,NULL,"2011-01-24","1.6",NULL,"Mon-Fri  07.00-19.00","0",NULL,NULL,NULL,"0",NULL,"Green","-6.2911","53.3537","2012-01-04 16:14:23","2012-01-04 16:14:23"
"321","1018","Niall Street/Moira Road",NULL,"60",NULL,"2011-01-24","1.6",NULL,"Mon-Fri  07.00-19.00","0",NULL,NULL,NULL,"0",NULL,"Green","-6.28931","53.3531","2012-01-04 16:14:23","2012-01-04 16:14:23"
"322","1019","Halliday Road/Oxmantown Road",NULL,NULL,NULL,"2011-01-24","1.6",NULL,"Mon-Fri 07.00-19.00","0",NULL,NULL,NULL,"0",NULL,"Green","-6.28883","53.3523","2012-01-04 16:14:23","2012-01-04 16:14:23"
"323","1020","Mount Prospect Lawns",NULL,"35","opposite no. 27","2011-03-18","1","none nearby","Mon -Sun 07.00-24.00","0",NULL,NULL,NULL,"0",NULL,"Yellow","-6.19065","53.3673","2012-01-04 16:14:23","2012-01-04 16:14:23"
"324","1021","Palmerston Villas",NULL,"23",NULL,"2011-02-11","1",NULL,"Mon-Fri 07.00-19.00","0",NULL,NULL,NULL,"0",NULL,"Orange","-6.26381","53.3138","2012-01-04 16:14:23","2012-01-04 16:14:23"
"325","1024","Halston Street",NULL,"13",NULL,"2011-06-06","2.9","Green Street","Mon-Sat 07.00-19.00","0",NULL,NULL,NULL,"0",NULL,"Yellow","-6.2713","53.3497","2012-01-04 16:14:23","2012-01-04 16:14:23"
"328","1027","Rathmines Road Upper",NULL,"43P n D/DP",NULL,"2011-06-22","1.6","Church Avenue mt.9189","Mon-Sat 07.00-19.00","0",NULL,NULL,NULL,"0",NULL,"yellow","-6.2652","53.3206","2012-01-04 16:14:23","2012-01-04 16:14:23"
"329","1045","Adelaide Road","2","68 P n D + 14 DP (Total)","Opp no 61",NULL,"2.9","6 On Adelaide Rd","Mon-Sat 07.00-19.00","0",NULL,NULL,"replaced met.148 01/03/2007","1",NULL,"Yellow","-6.25708","53.3326","2012-01-04 16:14:23","2012-01-04 16:14:23"
"330","1056","Fenian Street","2","38 P n D + 9 DP (Total)","Opp Dargan Hse",NULL,"2.9","5 On Fenian St","Mon-Sat 07.00-19.00","0",NULL,NULL,"replaced met.280","1",NULL,"Yellow","-6.24793","53.3416","2012-01-04 16:14:23","2012-01-04 16:14:23"
"331","1191","Fenian Street","2","38 P n D + 9 DP (Total)","No 19-20",NULL,"2.9","5 On Fenian St","Mon-Sat 07.00-19.00","0",NULL,NULL,"replaced met.279","1",NULL,"Yellow","-6.24753","53.3415","2012-01-04 16:14:23","2012-01-04 16:14:23"
"332","1225","Adelaide Road","2","68 P n D + 14 DP (Total)","Near the Eye  n  Ear Hospital",NULL,"2.9","6 On Adelaide Rd","Mon-Sat 07.00-19.00","0",NULL,NULL,"replaced met.152","1",NULL,"Yellow","-6.25505","53.3323","2012-01-04 16:14:23","2012-01-04 16:14:23"
"333","1236","Hatch Street Lower","2","49 P n D + 3 DP (Total)","No 12",NULL,"2.9","5 On Hatch St Lwr","Mon-Sat 07.00-19.00","0",NULL,NULL,"replaced met.137","1",NULL,"Yellow","-6.25665","53.334","2012-01-04 16:14:23","2012-01-04 16:14:23"
"334","1269","Adelaide Road","2","68 P n D + 14 DP (Total)","No 61",NULL,"2.9","6 On Adelaide Rd","Mon-Sat 0.700-19.00","0",NULL,NULL,"replaced met.151.","1",NULL,"Yellow","-6.25694","53.3327","2012-01-04 16:14:23","2012-01-04 16:14:23"
"335","1450","Adelaide Road","2","68 P n D + 14 DP (Total)","No 25-28",NULL,"2.9","6 On Adelaide Rd","Mon-Sat 07.00-19.00","0",NULL,NULL,"replaced met.147.","1",NULL,"Yellow","-6.2559","53.3323","2012-01-04 16:14:23","2012-01-04 16:14:23"
"336","1461","Fenian Street","2","38 P n D + 9 DP (Total)","Opposite The Ginger Man",NULL,"2.9","5 On Fenian St","Mon-Sat 07.00-19.00","0",NULL,NULL,"replaced met.508","1",NULL,"Yellow","-6.24969","53.3417","2012-01-04 16:14:23","2012-01-04 16:14:23"
"337","1472","Fenian Street","2","38 P n D + 9 DP (Total)","Opp 9-10",NULL,"2.9","5 On Fenian St","Mon-Sat 07.00-19.00","0",NULL,NULL,"replaced met.281.","1",NULL,"Yellow","-6.24656","53.3415","2012-01-04 16:14:23","2012-01-04 16:14:23"
"338","1551","Leeson Lane","2","12 P n D","Opposite Number 4 / At Entrance To TSB",NULL,"2.9","12 On St. Stephen's Green","Mon-Sat 07.00-19.00","0","Check Times",NULL,NULL,"1",NULL,"Yellow","-6.25597","53.3361","2012-01-04 16:14:23","2012-01-04 16:14:23"
"339","3069","Mount Street Upper","2","74 P n D + 4 DP (Total)","No 16","1998-09-12","2.9","6 On Mount St Upr","Mon-Sat 07.00-19.00","0",NULL,NULL,NULL,"1",NULL,"Yellow","-6.2458","53.3376","2012-01-04 16:14:23","2012-01-04 16:14:23"
"340","3104","Mount Street Lower","2","39 P n D + 1 DP (Total)","Near Knockmaun House","1998-09-12","2.9","4 On Mount Street Lwr","Mon-Sat 07.00-19.00","0",NULL,NULL,NULL,"1",NULL,"Yellow","-6.24182","53.338","2012-01-04 16:14:23","2012-01-04 16:14:23"
"341","3115","Mount Street Lower","2","39 P n D + 1 DP (Total)","No 33-41","1998-09-12","2.9","4 On Mount Street Lwr","Mon-Sat 07.00-19.00","0",NULL,NULL,NULL,"1",NULL,"Yellow","-6.24272","53.3383","2012-01-04 16:14:23","2012-01-04 16:14:23"
"342","3494","Clanwilliam Place","2","10 P n D / DP (Total)","Marine House","1998-09-12","2.9","Clanwilliam Place 3483","Mon-Fri 08.00-18.30","0",NULL,"Mon - Fri","replaced met.194","1",NULL,"Yellow","-6.23976","53.3383","2012-01-04 16:14:23","2012-01-04 16:14:23"
"343","3527","Grattan Street","2","29 P n D / DP","Off Mount Street Lower",NULL,"2.9","4 On Mount St Lwr","Mon-Sat 07.00-19.00","0",NULL,NULL,"replaced met.315","1",NULL,"Yellow","-6.24426","53.3392","2012-01-04 16:14:23","2012-01-04 16:14:23"
"344","7000","Herbert Street","2","71 P n D + 27 DP (Total)","No 30",NULL,"2.9","6 On Herbert St","Mon-Sat 07.00-19.00","0",NULL,NULL,"replaced met.3171.","1",NULL,"Yellow","-6.245","53.3363","2012-01-04 16:14:23","2012-01-04 16:14:23"
"345","7022","Shelbourne Road",NULL,NULL,"opposite meter 290","2010-11-10","2.9",NULL,"Mon-Sat 08.00-16.00","1","After 16.00",NULL,NULL,"0",NULL,"Yellow","-6.23166","53.3319","2012-01-04 16:14:23","2012-01-04 16:14:23"
"346","7145","Strand Road (South Car Park)",NULL,"41 P n D and 4Disabled bays",NULL,NULL,"0.6","none near enough","Mon-Fri. 11.00-17.00","0",NULL,"No max Stay","installed 21/04/2011","0",NULL,"blue","-6.20631","53.3221","2012-01-04 16:14:23","2012-01-04 16:14:23"
"347","7156","Cumberland Street North","1","21 P n D","Opposite Hill Street","2002-04-23","2.9","Parnell St 277","Mon-Fri 07.00-19.00  n  Sat 14.00-19.00","0",NULL,NULL,"replaced met.61           06/2009","0",NULL,"Yellow","-6.25802","53.3534","2012-01-04 16:14:23","2012-01-04 16:14:23"
"348","7167","Earlsfort Terrace","2","60 P n D (Total)","Concert Hall",NULL,"2.9","6 On Earlsfort Terrace","Mon-Sat 07.00-19.00","0",NULL,NULL,"replaced met.11","1",NULL,"Yellow","-6.25822","53.3348","2012-01-04 16:14:23","2012-01-04 16:14:23"
"349","7178","Earlsfort Terrace","2","60 P n D (Total)","Near Number 23",NULL,"2.9","6 On Earlsfort Terrace","Mon-Sat 07.00-16.00","1","After 16.00",NULL,"replaced met.448","1",NULL,"Yellow","-6.25884","53.333","2012-01-04 16:14:23","2012-01-04 16:14:23"
"350","7235","Leo Street","7","38 P n D / DP","Corner of Josephine St","2001-06-25","2.4","Synott Place 436","Mon-Fri 08.00-18.30","0",NULL,NULL,"replaced met.711 01/03/2010","0",NULL,"Red","-6.26429","53.359","2012-01-04 16:14:23","2012-01-04 16:14:23"
"351","7257","Oliver Bond Street","8","76 P n D / DP (Total)","Good Counsel Centre",NULL,"2.4","Cornmarket 583","Mon-Fri 08.00-18.30","0",NULL,NULL,"replaced met.373","1",NULL,"Red","-6.27682","53.3441","2012-01-04 16:14:23","2012-01-04 16:14:23"
"352","7279","Herbert Avenue","4","15 P n D / DP","Opposite Number 4",NULL,"1","None Nearby","Mon-Sat 07.00-19.00","0",NULL,NULL,"replaced met.821","0",NULL,"Orange","-6.20883","53.3168","2012-01-04 16:14:23","2012-01-04 16:14:23"
"353","7314","St. Joseph's Street","7","21 P n D","At No. 18",NULL,"2.4","Leo Street 711","Mon-Sun 07.00-24.00","0",NULL,NULL,"replaced met 881  12/06/2009","1",NULL,"Red","-6.26412","53.3595","2012-01-04 16:14:23","2012-01-04 16:14:23"
"354","7336","Military Road (Rathmines)","6","25 P n D / DP","School",NULL,"1.6","William's Pk 291","Mon-Fri 08.00-18.30","0",NULL,NULL,"replaced met.292","1",NULL,"Green","-6.26651","53.327","2012-01-04 16:14:23","2012-01-04 16:14:23"
"355","7404","Eccles Street","7","36 P n D + 16 DP (Total)","Opp. Mater Hospital",NULL,"2.4","Opposite Mater Hospital","Mon-Sat 07.00-19.00","0",NULL,NULL,"replaced met 703   12/06/2009","1",NULL,"Red","-6.26472","53.3577","2012-01-04 16:14:23","2012-01-04 16:14:23"
"356","7448","Hatch Street Lower","2","49 P n D + 3 DP (Total)","Colour Copy Centre",NULL,"2.9","5 On Hatch St Lwr","Mon-Sat 07.00-19.00","0",NULL,NULL,"replaced met.138","1",NULL,"Yellow","-6.25566","53.3341","2012-01-04 16:14:23","2012-01-04 16:14:23"
"357","7471","Beechwood Avenue Lower","6","126 P n D / DP","Opposite Ulster Bank",NULL,"1.6","Elmpark Avenue 297","Mon-Sat 07.00-24.00","0",NULL,NULL,"replaced met.302","1",NULL,"Green","-6.25358","53.3244","2012-01-04 16:14:23","2012-01-04 16:14:23"
"358","7482","Strand Road(North Car Park)",NULL,"41 P n D 4 Disabled Bays",NULL,NULL,"0.6","none near enough","Mon-Fri 11.00-17.00","0",NULL,"No Max stay","installed 21/04/2011","0",NULL,"Blue","-6.20872","53.3284","2012-01-04 16:14:23","2012-01-04 16:14:23"
"359","7516","Bow Street","7","8 P n D + 8 DP","Opposite Junction Of May Lane",NULL,"2.4","New Church St 582","Mon-Sat 07.00-19.00","0",NULL,NULL,"replaced met.427    12/06/2009","1",NULL,"Red","-6.2767","53.3482","2012-01-04 16:14:23","2012-01-04 16:14:23"
"360","7583","Baggot Street Lower","2","97 P n D + 4 DP (Total)","Francis Bacon House",NULL,"2.9","10 On Baggot St Lwr","Mon-Sat 07.00-19.00","0",NULL,NULL,"replaced met.3261","0",NULL,"Yellow","-6.24688","53.3356","2012-01-04 16:14:23","2012-01-04 16:14:23"
"361","7606","Baggot Street Lower","2","97 P n D + 4 DP (Total)","Number 116","2002-05-16","2.9","10 On Baggot St Lwr","Mon-Sat 07.00-19.00","0",NULL,NULL,"replaced met.1461","1",NULL,"Yellow","-6.24983","53.337","2012-01-04 16:14:24","2012-01-04 16:14:24"
"362","7639","North Wall Quay","1","31 P n D (Total)","At Tilesavers","2002-04-13","1.6","Nth Wall Quay 475","Mon-Sat 07.00-19.00","0",NULL,NULL,"replaced met.156  12/06/2009","0",NULL,"Green","-6.23501","53.3473","2012-01-04 16:14:24","2012-01-04 16:14:24"
"363","7695","Grove Park","6","111 P n D / DP","No 59 - 60",NULL,"1.6","None Nearby","Mon-Sun 07.00-24.00","0",NULL,"P n D Mon - Fri","replaced met.229   12/06/2009","1",NULL,"Green","-6.26777","53.3292","2012-01-04 16:14:24","2012-01-04 16:14:24"
"364","7729","Pembroke Street Lower",NULL,NULL,NULL,NULL,"2.9",NULL,"Mon-Sat 07.00-19.00","0",NULL,NULL,"replaced met.1528","0",NULL,"Yellow","-6.25286","53.3362","2012-01-04 16:14:24","2012-01-04 16:14:24"
"365","7808","Cambridge Avenue",NULL,NULL,NULL,NULL,NULL,"none","Mon-Sun 07-24.00","0",NULL,"installed April 2011",NULL,"0",NULL,"Orange","-6.21636","53.3428","2012-01-04 16:14:24","2012-01-04 16:14:24"
"366","7831","Ardee Road","6","26 P n D / DP","Junction with Williams Park",NULL,"1.6","Military Rd 292","Mon-Fri 08.00-18.30","0",NULL,NULL,"replaced met.291   12/06/2009","1",NULL,"Green","-6.26691","53.3254","2012-01-04 16:14:24","2012-01-04 16:14:24"
"367","7842","Ashfield Avenue","6","26 P n D / DP","Corner of Ashfield Road",NULL,"1.6","Mornington Rd 303","Mon-Sun 07.00-24.00","0",NULL,"P n D Mon - Fri","replaced met.230   15/09/2009","1",NULL,"Green","-6.25271","53.3235","2012-01-04 16:14:24","2012-01-04 16:14:24"
"368","7853","Merrion Square East","2","65 P n D (Total)","No 40",NULL,"2.9","18 On Merrion Square","Mon-Sat 07.00-19.00","0",NULL,NULL,"E.Side Sth of Mount St Lwr","1",NULL,"Yellow","-6.2467","53.3391","2012-01-04 16:14:24","2012-01-04 16:14:24"
"369","7864","Elmwood Avenue Lower","6","68 P n D / DP","Opp no 10",NULL,"1.6","Elmpark Ave 297","Mon-Sat 07.00-24.00","0",NULL,NULL,"replaced met.41  12/06/2009","1",NULL,"Green","-6.25521","53.3245","2012-01-04 16:14:24","2012-01-04 16:14:24"
"370","7875","Merrion Square North","2","35 P n D (Total)","Opp No 16",NULL,"2.9","18 On Merrion Square","Mon-Sat 07.00-19.00","0",NULL,NULL,"S.Side","1",NULL,"Yellow","-6.24884","53.3404","2012-01-04 16:14:24","2012-01-04 16:14:24"
"371","7909","Merrion Square South","2","165 P n D + 26 DP (Total)","Opp no 64",NULL,"2.9","18 On Merrion Square","Mon-Sat 07.00-19.00","0",NULL,NULL,"replaced met.1023","1",NULL,"Yellow","-6.25105","53.3393","2012-01-04 16:14:24","2012-01-04 16:14:24"
"372","7910","Merrion Square South","2","165 P n D + 26 DP (Total)","No 55",NULL,"2.9","18 On Merrion Square","Mon-Sat 07.00-19.00","0",NULL,NULL,"replaced met.1034","1",NULL,"Yellow","-6.25054","53.3391","2012-01-04 16:14:24","2012-01-04 16:14:24"
"373","7932","Merrion Square South","2","165 P n D + 26 DP (Total)","No 65",NULL,"2.9","18 On Merrion Square","Mon-Sat 07.00-19.00","0",NULL,NULL,"replaced met.10456","1",NULL,"Yellow","-6.24935","53.3387","2012-01-04 16:14:24","2012-01-04 16:14:24"
"374","7954","Merrion Square South","2","165 P n D + 26 DP (Total)","No 76",NULL,"2.9","18 On Merrion Square","Mon-Sat 07.00-19.00","0",NULL,NULL,"S.Side","1",NULL,"Yellow","-6.24886","53.3385","2012-01-04 16:14:24","2012-01-04 16:14:24"
"375","7976","Dorset Street Lower","1","10 P n D","At lighting pole 16",NULL,"2.9","None Nearby (In The Same Zone)","Mon-Sat 07.00-19.00","0",NULL,"Indent parking",NULL,"1",NULL,"Yellow","-6.26606","53.3549","2012-01-04 16:14:24","2012-01-04 16:14:24"
"376","7998","Strand Road (Car Park@ Martello Tower)",NULL,"39 P n D 4 Disabled Bays",NULL,NULL,"0.6","none near enough","Mon-Fri. 11.00-17.00","0",NULL,"No Max Stay","Installed 21/04/2011","0",NULL,"Blue","-6.20672","53.3244","2012-01-04 16:14:24","2012-01-04 16:14:24"
"377","8011","Baggot Street Lower","2","97 P n D + 4 DP (Total)","O2 House","2000-03-27","2.9","10 On Baggot St Lwr","Mon-Sat 07.00-19.00","0",NULL,NULL,"replaced met.488","1",NULL,"Yellow","-6.24626","53.3348","2012-01-04 16:14:24","2012-01-04 16:14:24"
"378","8033","Richmond Cottages","2","50 P+D/DP","Side of no.20 Richmond Cottages","2009-02-17","1.6","o/s No. 23 NCR","Mon-Sun 07.00-24.00","0",NULL,NULL,NULL,"1",NULL,"Green","-6.24991","53.3579","2012-01-04 16:14:24","2012-01-04 16:14:24"
"379","8066","Cardiff Lane","2","44 P n D / DP","At Arena Kitchen Architecture",NULL,"2.4","Macken St 44","Mon-Fri 08.00-18.30","0",NULL,NULL,"replaced met.3362","1",NULL,"Red","-6.24064","53.3456","2012-01-04 16:14:24","2012-01-04 16:14:24"
"380","9000","Baggot Street Lower","2","97 P n D + 4 DP (Total)","Number 135","2002-05-15","2.9","10 On Baggot St Lwr","Mon-Sat 07.00-19.00","0",NULL,NULL,"replaced met.7550   12/05/2009","1",NULL,"Yellow","-6.25191","53.3377","2012-01-04 16:14:24","2012-01-04 16:14:24"
"381","9001","Dominick Street Lower","1","96 P n D + 18 DP (Total)","At flats",NULL,"2.9","7 On Dominick St Lwr","Mon-Sat 07.00-19.00","0",NULL,NULL,"replaced meter 7099  12/05/2009","1",NULL,"Yellow","-6.26628","53.3519","2012-01-04 16:14:24","2012-01-04 16:14:24"
"382","9002","Dominick Street Lower","1","96 P n D + 18 DP (Total)","Opp Church",NULL,"2.9","7 On Dominick St Lwr","Mon-Sat 07.00-19.00","0",NULL,NULL,"replaced meter 9006 12/05/2009","1",NULL,"Yellow","-6.26739","53.3523","2012-01-04 16:14:24","2012-01-04 16:14:24"
"383","9006","Fitzwilliam Square West",NULL,NULL,NULL,NULL,"2.9",NULL,"Mon-Sat 07.00-19.00","0",NULL,NULL,"replaced met.7730   12/05/2009","0",NULL,"Yellow","-6.25292","53.3357","2012-01-04 16:14:24","2012-01-04 16:14:24"
"384","9007","King's Inns Street","1","45 P n D (Total)","At College",NULL,"2.9","4 On King's Inns St","Mon-Sat 07.00-19.00","0",NULL,NULL,"replaced met.7202   12/05/2009","1",NULL,"Yellow","-6.26801","53.3516","2012-01-04 16:14:24","2012-01-04 16:14:24"
"385","9008","Merrion Square East","2","65 P n D (Total)","Opp no 42",NULL,"2.9","18 On Merrion Square","Mon-Sat 07.00-19.00","0",NULL,NULL,"replaced met.7831  20/05/2009","1",NULL,"Yellow","-6.24711","53.339","2012-01-04 16:14:24","2012-01-04 16:14:24"
"386","9009","Merrion Square North","2","35 P n D (Total)","Opp no 22",NULL,"2.9","18 On Merrion Square","Mon-Sat 07.00-19.00","0",NULL,NULL,"replaced met.7864   20/05/2009","1",NULL,"Yellow","-6.24796","53.3401","2012-01-04 16:14:24","2012-01-04 16:14:24"
"387","9010","Merrion Square North","2","35 P n D (Total)","Opp No 10",NULL,"2.9","18 On Merrion Square","Mon-Fri 07.00-19.00","0",NULL,NULL,"replaced met.7886   20/05/2009","1",NULL,"Yellow","-6.24955","53.3406","2012-01-04 16:14:24","2012-01-04 16:14:24"
"388","9011","Merrion Square South","2","165 P n D + 26 DP (Total)","No 81",NULL,"2.9","18 On Merrion Square","Mon-Sat 07.00-19.00","0",NULL,NULL,"replaced met.7976   12/05/2009","1",NULL,"Yellow","-6.24829","53.3385","2012-01-04 16:14:24","2012-01-04 16:14:24"
"389","9012","Merrion Square South","2","165 P n D + 26 DP (Total)","No 69",NULL,"2.9","18 On Merrion Square","Mon-Sat 07.00-19.00","0",NULL,NULL,"replaced met.7943    12/05/2009","1",NULL,"Yellow","-6.24901","53.3388","2012-01-04 16:14:24","2012-01-04 16:14:24"
"390","9013","Merrion Square South","2","165 P n D + 26 DP (Total)","Opp no 56",NULL,"2.9","18 On Merrion Square","Mon-Sat 07.00-19.00","0",NULL,NULL,"replaced met.7897    12/05/2009","1",NULL,"Yellow","-6.25154","53.3395","2012-01-04 16:14:24","2012-01-04 16:14:24"
"391","9014","Merrion Street Upper","2","20 P n D","Opp no 80",NULL,"2.9","18 On Merrion Square","Mon-Sat 07.00-19.00","0",NULL,NULL,"replaced met.8000","1",NULL,"Yellow","-6.25153","53.3401","2012-01-04 16:14:24","2012-01-04 16:14:24"
"392","9020","St. Stephen's Green East","2","61 P n D (Total)","Outside Loretto College at LS70",NULL,"2.9","12 on St. Stephen's Green and 2 on Hume Street","Mon-Sat 07.00-19.00  Sun 14.00-18.00","0",NULL,NULL,"replaced met.7426   12/05/2009","0",NULL,"Yellow","-6.25611","53.3375","2012-01-04 16:14:24","2012-01-04 16:14:24"
"393","9038","Clontarf Road",NULL,"In Car Park","Centre of car park opposite Church Hall","2010-02-12","0.6",NULL,"Mon-Fri 08-18.00","0",NULL,"no max stay",NULL,"0",NULL,"Blue","-6.21775","53.3622","2012-01-04 16:14:24","2012-01-04 16:14:24"
"394","9042","Baggot Street Lower","2","97 P n D + 4 DP (Total)","Tesco","2002-05-15","2.9","10 On Baggot St Lwr","Mon-Sat 07.00-19.00","0",NULL,NULL,"replaced met.7594           20/05/2009","1",NULL,"Yellow","-6.2517","53.3378","2012-01-04 16:14:24","2012-01-04 16:14:24"
"395","9049","Merrion Square South","2","165 P n D + 26 DP (Total)","No 85",NULL,"2.9","18 On Merrion Square","Mon-Sat 07.00-19.00","0",NULL,NULL,"replaced met.7965            20/05/2009","1",NULL,"Yellow","-6.24835","53.3384","2012-01-04 16:14:24","2012-01-04 16:14:24"
"396","9050","Merrion Square West","2","65 P n D (Total)","Opp Leinster House",NULL,"2.9","18 On Merrion Square","Mon-Sat 07.00-19.00","0",NULL,NULL,"replaced met.7987            20/05/2009","1",NULL,"Yellow","-6.25101","53.3406","2012-01-04 16:14:24","2012-01-04 16:14:24"
"397","9056","Leinster Square","6","50 P n D","Across from number 7",NULL,"1.6","Leinster Rd 610","Mon-Sun 07.00-24.00","0",NULL,NULL,NULL,"1",NULL,"Green","-6.26647","53.3235","2012-01-04 16:14:24","2012-01-04 16:14:24"
"398","9058","Merrion Square East","2","65 P n D (Total)","Opp no 47",NULL,"2.9","18 On Merrion Square","Mon-Sat 07.00-19.00","0",NULL,NULL,"replaced met 7842","1",NULL,"Yellow","-6.24756","53.3385","2012-01-04 16:14:24","2012-01-04 16:14:24"
"399","9077","Carlingford Road",NULL,"117  + 3 disabled","Jct Glenarm Avenue",NULL,"1.6","850 Glenarm Avenue","Mon-Sun 07.00-24.00","0",NULL,NULL,NULL,"0",NULL,"Green","-6.25732","53.3664","2012-01-04 16:14:24","2012-01-04 16:14:24"
"400","9078","Clontarf Road",NULL,"In car Park","Centre of CP opposite Church Grounds","2010-01-29","0.6",NULL,"Mon-Fri 11.00-18.00","0",NULL,"3 hour max","Meter in Car Park replaced mt.7471.01/12/2010","0",NULL,"Blue","-6.19768","53.3592","2012-01-04 16:14:24","2012-01-04 16:14:24"
"401","9103","Clontarf Road Car Park",NULL,NULL,NULL,"2010-03-01","0.6","At Railway Bridge","Mon-Fri  08.00-18.00","0",NULL,NULL,NULL,"0",NULL,"Blue","-6.22393","53.3632","2012-01-04 16:14:24","2012-01-04 16:14:24"
"402","9105","Baggot Street Lower","2","97 P n D + 4 DP (Total)","Number 94","1999-04-19","2.9","10 On Baggot St Lwr","Mon-Sat 07.00-19.00","0",NULL,NULL,"replaced met 7617","1",NULL,"Yellow","-6.24726","53.3355","2012-01-04 16:14:24","2012-01-04 16:14:24"
"403","9155","Capel Street","1","75 P n D (Total)","At CASA Charity Shop","2007-03-28","2.9","8 on Capel Street","Mon-Sat 07.00-19.00 Sun14.00-18.00","0",NULL,NULL,NULL,"0",NULL,"Yellow","-6.26834","53.3476","2012-01-04 16:14:24","2012-01-04 16:14:24"
"404","9180","Fortfield Terrace",NULL,"60","at no. 33","2011-01-11","2.4","812(Cowper Rd)991 Rathmines Rd","Mon-Fri 07.00-19.00","0",NULL,NULL,"New","0",NULL,"Red","-6.26206","53.3148","2012-01-04 16:14:24","2012-01-04 16:14:24"
"405","9195","Gardiner Place","1","22 P n D + 10 DP (Total)","outside no.13",NULL,"2.4","Gardiner Place 267","Mon-Sat 07.00-19.00","0",NULL,NULL,"mt. 268 changed 15/03/2011","1",NULL,"Red","-6.25993","53.3564","2012-01-04 16:14:24","2012-01-04 16:14:24"
"406","9196","Botanic Road",NULL,"14 P n D(Total)","Opposite Botanic Gardens","2009-08-21","1",NULL,"Mon-Sat 07.00-19.00","0",NULL,NULL,"met.961 changed 03/03/2011","0",NULL,"Orange","-6.26918","53.3718","2012-01-04 16:14:24","2012-01-04 16:14:24"
"407","9197","Wynnefield Road",NULL,NULL,"Outside Toilets","2009-11-13","1.6",NULL,"Mon-Sat07.00-19.00","0",NULL,NULL,"Formerly  mt.974 03/03/2011","0",NULL,"Green","-6.26716","53.3221","2012-01-04 16:14:24","2012-01-04 16:14:24"
"408","9198","Seafort Terrace","4","6 P n D + 36 DP","Sandymount Village","2002-04-23","1","6 In Sandymount Village","Mon-Sat 07.00-19.00","0",NULL,NULL,"met 62 changed 08/03/2011","0",NULL,"Orange","-6.21435","53.3334","2012-01-04 16:14:24","2012-01-04 16:14:24"
"409","9201","Anglesea Road","4","105 P n D / DP (Total)","Near Public Light Number 9","2000-05-09","2.4","Angelsea Rd 288","Mon-Sat 07.00-19.00","0",NULL,NULL,"mt.524 changed 08/03/2011","1",NULL,"Red","-6.23099","53.3264","2012-01-04 16:14:24","2012-01-04 16:14:24"
"410","9208","Burlington Road","4","144 P n D / DP (Total)","East of Southside Mespil Road",NULL,"2.9","5 On Burlington Rd","Mon-Fri 08.00-18.30","0",NULL,NULL,"mt.286 changed 08/03/2011","1",NULL,"Yellow","-6.24653","53.3324","2012-01-04 16:14:24","2012-01-04 16:14:24"
"411","9211","Infirmary Road","8","33 P n D + 15 DP (Total)","At Number 20",NULL,"1.6","None Nearby","Mon-Sat 07.00-19.00","0",NULL,NULL,"mt. 753 changed 11/03/2011","0",NULL,"Green","-6.29667","53.3508","2012-01-04 16:14:24","2012-01-04 16:14:24"
"412","9217","Raglan Road","4","91 P n D / DP","Corner of Pembroke Lane",NULL,"2.9","4 On Pembroke Rd","Mon-Fri 08.00-18.30","0",NULL,NULL,"mt. 287 changed 08/03/2011","1",NULL,"Yellow","-6.23784","53.3319","2012-01-04 16:14:24","2012-01-04 16:14:24"
"413","9220","Woodville Road",NULL,"13 P n D+Permit","at side of no.203 Botanic Ave",NULL,"1.6","none nearby","Mon-Sun 07.00-24.00","0",NULL,NULL,"mt. 956 changed 15/03/2011","0",NULL,"Orange","-6.25911","53.3685","2012-01-04 16:14:24","2012-01-04 16:14:24"
"414","9221","David Road","1",NULL,"Whitworth Road junction",NULL,"1.6",NULL,"Mon-Sun 07.00-24.00","0",NULL,NULL,"mt. 941 changed 15/03/2011","0",NULL,"Green","-6.26844","53.364","2012-01-04 16:14:24","2012-01-04 16:14:24"
"415","9225","Haddington Road","4","145 P n D / DP (Total)","No 44",NULL,"2.9","Haddington Rd 514","Mon-Sat 07.00-19.00","0",NULL,NULL,"Replaced meter 9225 30/05/2011","1",NULL,"Yellow","-6.2403","53.3356","2012-01-04 16:14:24","2012-01-04 16:14:24"
"416","9226","Haddington Road","4","145 P n D / DP (Total)","The Hibernian","2000-05-03","2.9","Haddington Rd 239","Mon-Sat 07.00-19.00","0",NULL,NULL,"Replaced meter 514 30/05/2011","1",NULL,"Yellow","-6.24265","53.3349","2012-01-04 16:14:24","2012-01-04 16:14:24"
"417","9231","Poolbeg Street","2","11 P n D","Opposite Corn Exchange entrance",NULL,"2.9","2 On Burgh Quay","Mon-Sat 07.00-19.00","0",NULL,NULL,"Replaced met.9231 20/06/2011","1",NULL,"Yellow","-6.25623","53.3468","2012-01-04 16:14:24","2012-01-04 16:14:24"
"418","9232","Clonmel Street","2","14 P n D","Harcourt Creche",NULL,"2.9","Montague St 257","Mon-Sat 07.00-19.00","0",NULL,NULL,"replaced meter 14      31/05/2011","1",NULL,"Yellow","-6.26297","53.3361","2012-01-04 16:14:24","2012-01-04 16:14:24"
"419","9233","Herbert Park","4","198 P n D / DP (Total)","At entrance to Park",NULL,"2.4","Herbert Park 7213","Mon-Fri 08.00-18.30","0",NULL,NULL,"replaced met.255.15/09/2009replaced met.7033 24/06/2011","0",NULL,"Red","-6.23534","53.3274","2012-01-04 16:14:24","2012-01-04 16:14:24"
